relation_id,relation_type,person1_node_id,person2_node_id,child_node_id,father_node_id,mother_node_id,marriage_id,start_date,location_text,confirmed,notes
M_ROOT_F_ROOT_M,marriage,ROOT_F,ROOT_M,,,,M_ROOT_F_ROOT_M,1946-06-15,Qoqon,1,[TEST-ERXOTIN-LARGE] Test nikoh boglanishi: ROOT_F + ROOT_M.
M_G1S_01_G1_01,marriage,G1S_01,G1_01,,,,M_G1S_01_G1_01,1970-06-15,Andijon,1,[TEST-ERXOTIN-LARGE] Test nikoh boglanishi: G1S_01 + G1_01.
M_G1S_02_G1_02,marriage,G1S_02,G1_02,,,,M_G1S_02_G1_02,1972-06-15,Namangan,1,[TEST-ERXOTIN-LARGE] Test nikoh boglanishi: G1S_02 + G1_02.
M_G1_03_G1S_03,marriage,G1_03,G1S_03,,,,M_G1_03_G1S_03,1974-06-15,Samarqand,1,[TEST-ERXOTIN-LARGE] Test nikoh boglanishi: G1_03 + G1S_03.
M_G1_04_G1S_04,marriage,G1_04,G1S_04,,,,M_G1_04_G1S_04,1976-06-15,Buxoro,1,[TEST-ERXOTIN-LARGE] Test nikoh boglanishi: G1_04 + G1S_04.
M_G1_05_G1S_05,marriage,G1_05,G1S_05,,,,M_G1_05_G1S_05,1978-06-15,Termiz,1,[TEST-ERXOTIN-LARGE] Test nikoh boglanishi: G1_05 + G1S_05.
M_G1_06_G1S_06,marriage,G1_06,G1S_06,,,,M_G1_06_G1S_06,1980-06-15,Guliston,1,[TEST-ERXOTIN-LARGE] Test nikoh boglanishi: G1_06 + G1S_06.
M_G1S_07_G1_07,marriage,G1S_07,G1_07,,,,M_G1S_07_G1_07,1982-06-15,Qoqon,1,[TEST-ERXOTIN-LARGE] Test nikoh boglanishi: G1S_07 + G1_07.
M_G1S_08_G1_08,marriage,G1S_08,G1_08,,,,M_G1S_08_G1_08,1984-06-15,Fargona,1,[TEST-ERXOTIN-LARGE] Test nikoh boglanishi: G1S_08 + G1_08.
M_G1S_09_G1_09,marriage,G1S_09,G1_09,,,,M_G1S_09_G1_09,1986-06-15,Margilon,1,[TEST-ERXOTIN-LARGE] Test nikoh boglanishi: G1S_09 + G1_09.
M_G1S_10_G1_10,marriage,G1S_10,G1_10,,,,M_G1S_10_G1_10,1988-06-15,Toshkent,1,[TEST-ERXOTIN-LARGE] Test nikoh boglanishi: G1S_10 + G1_10.
M_G2S_01_01_G2_01_01,marriage,G2S_01_01,G2_01_01,,,,M_G2S_01_01_G2_01_01,1992-06-15,Andijon,1,[TEST-ERXOTIN-LARGE] Test nikoh boglanishi: G2S_01_01 + G2_01_01.
M_G2S_01_02_G2_01_02,marriage,G2S_01_02,G2_01_02,,,,M_G2S_01_02_G2_01_02,1994-06-15,Namangan,1,[TEST-ERXOTIN-LARGE] Test nikoh boglanishi: G2S_01_02 + G2_01_02.
M_G2S_01_03_G2_01_03,marriage,G2S_01_03,G2_01_03,,,,M_G2S_01_03_G2_01_03,1996-06-15,Samarqand,1,[TEST-ERXOTIN-LARGE] Test nikoh boglanishi: G2S_01_03 + G2_01_03.
M_G2S_01_04_G2_01_04,marriage,G2S_01_04,G2_01_04,,,,M_G2S_01_04_G2_01_04,1998-06-15,Buxoro,1,[TEST-ERXOTIN-LARGE] Test nikoh boglanishi: G2S_01_04 + G2_01_04.
M_G2_01_05_G2S_01_05,marriage,G2_01_05,G2S_01_05,,,,M_G2_01_05_G2S_01_05,2000-06-15,Termiz,1,[TEST-ERXOTIN-LARGE] Test nikoh boglanishi: G2_01_05 + G2S_01_05.
M_G2S_02_01_G2_02_01,marriage,G2S_02_01,G2_02_01,,,,M_G2S_02_01_G2_02_01,1994-06-15,Namangan,1,[TEST-ERXOTIN-LARGE] Test nikoh boglanishi: G2S_02_01 + G2_02_01.
M_G2_02_02_G2S_02_02,marriage,G2_02_02,G2S_02_02,,,,M_G2_02_02_G2S_02_02,1996-06-15,Samarqand,1,[TEST-ERXOTIN-LARGE] Test nikoh boglanishi: G2_02_02 + G2S_02_02.
M_G2_02_03_G2S_02_03,marriage,G2_02_03,G2S_02_03,,,,M_G2_02_03_G2S_02_03,1998-06-15,Buxoro,1,[TEST-ERXOTIN-LARGE] Test nikoh boglanishi: G2_02_03 + G2S_02_03.
M_G2_02_04_G2S_02_04,marriage,G2_02_04,G2S_02_04,,,,M_G2_02_04_G2S_02_04,2000-06-15,Termiz,1,[TEST-ERXOTIN-LARGE] Test nikoh boglanishi: G2_02_04 + G2S_02_04.
M_G2S_02_05_G2_02_05,marriage,G2S_02_05,G2_02_05,,,,M_G2S_02_05_G2_02_05,2002-06-15,Guliston,1,[TEST-ERXOTIN-LARGE] Test nikoh boglanishi: G2S_02_05 + G2_02_05.
M_G2_03_01_G2S_03_01,marriage,G2_03_01,G2S_03_01,,,,M_G2_03_01_G2S_03_01,1996-06-15,Samarqand,1,[TEST-ERXOTIN-LARGE] Test nikoh boglanishi: G2_03_01 + G2S_03_01.
M_G2_03_02_G2S_03_02,marriage,G2_03_02,G2S_03_02,,,,M_G2_03_02_G2S_03_02,1998-06-15,Buxoro,1,[TEST-ERXOTIN-LARGE] Test nikoh boglanishi: G2_03_02 + G2S_03_02.
M_G2_03_03_G2S_03_03,marriage,G2_03_03,G2S_03_03,,,,M_G2_03_03_G2S_03_03,2000-06-15,Termiz,1,[TEST-ERXOTIN-LARGE] Test nikoh boglanishi: G2_03_03 + G2S_03_03.
M_G2_03_04_G2S_03_04,marriage,G2_03_04,G2S_03_04,,,,M_G2_03_04_G2S_03_04,2002-06-15,Guliston,1,[TEST-ERXOTIN-LARGE] Test nikoh boglanishi: G2_03_04 + G2S_03_04.
M_G2_03_05_G2S_03_05,marriage,G2_03_05,G2S_03_05,,,,M_G2_03_05_G2S_03_05,2004-06-15,Qoqon,1,[TEST-ERXOTIN-LARGE] Test nikoh boglanishi: G2_03_05 + G2S_03_05.
M_G2S_04_01_G2_04_01,marriage,G2S_04_01,G2_04_01,,,,M_G2S_04_01_G2_04_01,1998-06-15,Buxoro,1,[TEST-ERXOTIN-LARGE] Test nikoh boglanishi: G2S_04_01 + G2_04_01.
M_G2S_04_02_G2_04_02,marriage,G2S_04_02,G2_04_02,,,,M_G2S_04_02_G2_04_02,2000-06-15,Termiz,1,[TEST-ERXOTIN-LARGE] Test nikoh boglanishi: G2S_04_02 + G2_04_02.
M_G2_04_03_G2S_04_03,marriage,G2_04_03,G2S_04_03,,,,M_G2_04_03_G2S_04_03,2002-06-15,Guliston,1,[TEST-ERXOTIN-LARGE] Test nikoh boglanishi: G2_04_03 + G2S_04_03.
M_G2_04_04_G2S_04_04,marriage,G2_04_04,G2S_04_04,,,,M_G2_04_04_G2S_04_04,2004-06-15,Qoqon,1,[TEST-ERXOTIN-LARGE] Test nikoh boglanishi: G2_04_04 + G2S_04_04.
M_G2_04_05_G2S_04_05,marriage,G2_04_05,G2S_04_05,,,,M_G2_04_05_G2S_04_05,2006-06-15,Fargona,1,[TEST-ERXOTIN-LARGE] Test nikoh boglanishi: G2_04_05 + G2S_04_05.
M_G2_05_01_G2S_05_01,marriage,G2_05_01,G2S_05_01,,,,M_G2_05_01_G2S_05_01,2000-06-15,Termiz,1,[TEST-ERXOTIN-LARGE] Test nikoh boglanishi: G2_05_01 + G2S_05_01.
M_G2_05_02_G2S_05_02,marriage,G2_05_02,G2S_05_02,,,,M_G2_05_02_G2S_05_02,2002-06-15,Guliston,1,[TEST-ERXOTIN-LARGE] Test nikoh boglanishi: G2_05_02 + G2S_05_02.
M_G2_05_03_G2S_05_03,marriage,G2_05_03,G2S_05_03,,,,M_G2_05_03_G2S_05_03,2004-06-15,Qoqon,1,[TEST-ERXOTIN-LARGE] Test nikoh boglanishi: G2_05_03 + G2S_05_03.
M_G2S_05_04_G2_05_04,marriage,G2S_05_04,G2_05_04,,,,M_G2S_05_04_G2_05_04,2006-06-15,Fargona,1,[TEST-ERXOTIN-LARGE] Test nikoh boglanishi: G2S_05_04 + G2_05_04.
M_G2_05_05_G2S_05_05,marriage,G2_05_05,G2S_05_05,,,,M_G2_05_05_G2S_05_05,2008-06-15,Margilon,1,[TEST-ERXOTIN-LARGE] Test nikoh boglanishi: G2_05_05 + G2S_05_05.
M_G2S_06_01_G2_06_01,marriage,G2S_06_01,G2_06_01,,,,M_G2S_06_01_G2_06_01,2002-06-15,Guliston,1,[TEST-ERXOTIN-LARGE] Test nikoh boglanishi: G2S_06_01 + G2_06_01.
M_G2S_06_02_G2_06_02,marriage,G2S_06_02,G2_06_02,,,,M_G2S_06_02_G2_06_02,2004-06-15,Qoqon,1,[TEST-ERXOTIN-LARGE] Test nikoh boglanishi: G2S_06_02 + G2_06_02.
M_G2S_06_03_G2_06_03,marriage,G2S_06_03,G2_06_03,,,,M_G2S_06_03_G2_06_03,2006-06-15,Fargona,1,[TEST-ERXOTIN-LARGE] Test nikoh boglanishi: G2S_06_03 + G2_06_03.
M_G2_06_04_G2S_06_04,marriage,G2_06_04,G2S_06_04,,,,M_G2_06_04_G2S_06_04,2008-06-15,Margilon,1,[TEST-ERXOTIN-LARGE] Test nikoh boglanishi: G2_06_04 + G2S_06_04.
M_G2S_06_05_G2_06_05,marriage,G2S_06_05,G2_06_05,,,,M_G2S_06_05_G2_06_05,2010-06-15,Toshkent,1,[TEST-ERXOTIN-LARGE] Test nikoh boglanishi: G2S_06_05 + G2_06_05.
M_G2S_07_01_G2_07_01,marriage,G2S_07_01,G2_07_01,,,,M_G2S_07_01_G2_07_01,2004-06-15,Qoqon,1,[TEST-ERXOTIN-LARGE] Test nikoh boglanishi: G2S_07_01 + G2_07_01.
M_G2_07_02_G2S_07_02,marriage,G2_07_02,G2S_07_02,,,,M_G2_07_02_G2S_07_02,2006-06-15,Fargona,1,[TEST-ERXOTIN-LARGE] Test nikoh boglanishi: G2_07_02 + G2S_07_02.
M_G2_07_03_G2S_07_03,marriage,G2_07_03,G2S_07_03,,,,M_G2_07_03_G2S_07_03,2008-06-15,Margilon,1,[TEST-ERXOTIN-LARGE] Test nikoh boglanishi: G2_07_03 + G2S_07_03.
M_G2S_07_04_G2_07_04,marriage,G2S_07_04,G2_07_04,,,,M_G2S_07_04_G2_07_04,2010-06-15,Toshkent,1,[TEST-ERXOTIN-LARGE] Test nikoh boglanishi: G2S_07_04 + G2_07_04.
M_G2S_07_05_G2_07_05,marriage,G2S_07_05,G2_07_05,,,,M_G2S_07_05_G2_07_05,2012-06-15,Andijon,1,[TEST-ERXOTIN-LARGE] Test nikoh boglanishi: G2S_07_05 + G2_07_05.
M_G2_08_01_G2S_08_01,marriage,G2_08_01,G2S_08_01,,,,M_G2_08_01_G2S_08_01,2006-06-15,Fargona,1,[TEST-ERXOTIN-LARGE] Test nikoh boglanishi: G2_08_01 + G2S_08_01.
M_G2_08_02_G2S_08_02,marriage,G2_08_02,G2S_08_02,,,,M_G2_08_02_G2S_08_02,2008-06-15,Margilon,1,[TEST-ERXOTIN-LARGE] Test nikoh boglanishi: G2_08_02 + G2S_08_02.
M_G2S_08_03_G2_08_03,marriage,G2S_08_03,G2_08_03,,,,M_G2S_08_03_G2_08_03,2010-06-15,Toshkent,1,[TEST-ERXOTIN-LARGE] Test nikoh boglanishi: G2S_08_03 + G2_08_03.
M_G2_08_04_G2S_08_04,marriage,G2_08_04,G2S_08_04,,,,M_G2_08_04_G2S_08_04,2012-06-15,Andijon,1,[TEST-ERXOTIN-LARGE] Test nikoh boglanishi: G2_08_04 + G2S_08_04.
M_G2S_08_05_G2_08_05,marriage,G2S_08_05,G2_08_05,,,,M_G2S_08_05_G2_08_05,2014-06-15,Namangan,1,[TEST-ERXOTIN-LARGE] Test nikoh boglanishi: G2S_08_05 + G2_08_05.
M_G2S_09_01_G2_09_01,marriage,G2S_09_01,G2_09_01,,,,M_G2S_09_01_G2_09_01,2008-06-15,Margilon,1,[TEST-ERXOTIN-LARGE] Test nikoh boglanishi: G2S_09_01 + G2_09_01.
M_G2S_09_02_G2_09_02,marriage,G2S_09_02,G2_09_02,,,,M_G2S_09_02_G2_09_02,2010-06-15,Toshkent,1,[TEST-ERXOTIN-LARGE] Test nikoh boglanishi: G2S_09_02 + G2_09_02.
M_G2_09_03_G2S_09_03,marriage,G2_09_03,G2S_09_03,,,,M_G2_09_03_G2S_09_03,2012-06-15,Andijon,1,[TEST-ERXOTIN-LARGE] Test nikoh boglanishi: G2_09_03 + G2S_09_03.
M_G2_09_04_G2S_09_04,marriage,G2_09_04,G2S_09_04,,,,M_G2_09_04_G2S_09_04,2014-06-15,Namangan,1,[TEST-ERXOTIN-LARGE] Test nikoh boglanishi: G2_09_04 + G2S_09_04.
M_G2_09_05_G2S_09_05,marriage,G2_09_05,G2S_09_05,,,,M_G2_09_05_G2S_09_05,2016-06-15,Samarqand,1,[TEST-ERXOTIN-LARGE] Test nikoh boglanishi: G2_09_05 + G2S_09_05.
M_G2_10_01_G2S_10_01,marriage,G2_10_01,G2S_10_01,,,,M_G2_10_01_G2S_10_01,2010-06-15,Toshkent,1,[TEST-ERXOTIN-LARGE] Test nikoh boglanishi: G2_10_01 + G2S_10_01.
M_G2S_10_02_G2_10_02,marriage,G2S_10_02,G2_10_02,,,,M_G2S_10_02_G2_10_02,2012-06-15,Andijon,1,[TEST-ERXOTIN-LARGE] Test nikoh boglanishi: G2S_10_02 + G2_10_02.
M_G2_10_03_G2S_10_03,marriage,G2_10_03,G2S_10_03,,,,M_G2_10_03_G2S_10_03,2014-06-15,Namangan,1,[TEST-ERXOTIN-LARGE] Test nikoh boglanishi: G2_10_03 + G2S_10_03.
M_G2S_10_04_G2_10_04,marriage,G2S_10_04,G2_10_04,,,,M_G2S_10_04_G2_10_04,2016-06-15,Samarqand,1,[TEST-ERXOTIN-LARGE] Test nikoh boglanishi: G2S_10_04 + G2_10_04.
M_G2_10_05_G2S_10_05,marriage,G2_10_05,G2S_10_05,,,,M_G2_10_05_G2S_10_05,2018-06-15,Buxoro,1,[TEST-ERXOTIN-LARGE] Test nikoh boglanishi: G2_10_05 + G2S_10_05.
M_G3S_001_02_G3_001_02,marriage,G3S_001_02,G3_001_02,,,,M_G3S_001_02_G3_001_02,2016-06-15,Samarqand,1,[TEST-ERXOTIN-LARGE] Test nikoh boglanishi: G3S_001_02 + G3_001_02.
M_G3S_002_01_G3_002_01,marriage,G3S_002_01,G3_002_01,,,,M_G3S_002_01_G3_002_01,2016-06-15,Samarqand,1,[TEST-ERXOTIN-LARGE] Test nikoh boglanishi: G3S_002_01 + G3_002_01.
M_G3_003_03_G3S_003_03,marriage,G3_003_03,G3S_003_03,,,,M_G3_003_03_G3S_003_03,2022-06-15,Guliston,1,[TEST-ERXOTIN-LARGE] Test nikoh boglanishi: G3_003_03 + G3S_003_03.
M_G3_004_02_G3S_004_02,marriage,G3_004_02,G3S_004_02,,,,M_G3_004_02_G3S_004_02,2022-06-15,Guliston,1,[TEST-ERXOTIN-LARGE] Test nikoh boglanishi: G3_004_02 + G3S_004_02.
M_G3_005_01_G3S_005_01,marriage,G3_005_01,G3S_005_01,,,,M_G3_005_01_G3S_005_01,2022-06-15,Guliston,1,[TEST-ERXOTIN-LARGE] Test nikoh boglanishi: G3_005_01 + G3S_005_01.
M_G3_006_03_G3S_006_03,marriage,G3_006_03,G3S_006_03,,,,M_G3_006_03_G3S_006_03,2020-06-15,Margilon,1,[TEST-ERXOTIN-LARGE] Test nikoh boglanishi: G3_006_03 + G3S_006_03.
M_G3_007_02_G3S_007_02,marriage,G3_007_02,G3S_007_02,,,,M_G3_007_02_G3S_007_02,2020-06-15,Margilon,1,[TEST-ERXOTIN-LARGE] Test nikoh boglanishi: G3_007_02 + G3S_007_02.
M_G3S_008_01_G3_008_01,marriage,G3S_008_01,G3_008_01,,,,M_G3S_008_01_G3_008_01,2020-06-15,Margilon,1,[TEST-ERXOTIN-LARGE] Test nikoh boglanishi: G3S_008_01 + G3_008_01.
M_G3_011_01_G3S_011_01,marriage,G3_011_01,G3S_011_01,,,,M_G3_011_01_G3S_011_01,2018-06-15,Namangan,1,[TEST-ERXOTIN-LARGE] Test nikoh boglanishi: G3_011_01 + G3S_011_01.
M_G3S_012_03_G3_012_03,marriage,G3S_012_03,G3_012_03,,,,M_G3S_012_03_G3_012_03,2024-06-15,Termiz,1,[TEST-ERXOTIN-LARGE] Test nikoh boglanishi: G3S_012_03 + G3_012_03.
M_G3S_013_02_G3_013_02,marriage,G3S_013_02,G3_013_02,,,,M_G3S_013_02_G3_013_02,2024-06-15,Termiz,1,[TEST-ERXOTIN-LARGE] Test nikoh boglanishi: G3S_013_02 + G3_013_02.
M_G3_014_01_G3S_014_01,marriage,G3_014_01,G3S_014_01,,,,M_G3_014_01_G3S_014_01,2024-06-15,Termiz,1,[TEST-ERXOTIN-LARGE] Test nikoh boglanishi: G3_014_01 + G3S_014_01.
M_G3S_016_02_G3_016_02,marriage,G3S_016_02,G3_016_02,,,,M_G3S_016_02_G3_016_02,2022-06-15,Fargona,1,[TEST-ERXOTIN-LARGE] Test nikoh boglanishi: G3S_016_02 + G3_016_02.
M_G3_017_01_G3S_017_01,marriage,G3_017_01,G3S_017_01,,,,M_G3_017_01_G3S_017_01,2022-06-15,Fargona,1,[TEST-ERXOTIN-LARGE] Test nikoh boglanishi: G3_017_01 + G3S_017_01.
M_G3_026_01_G3S_026_01,marriage,G3_026_01,G3S_026_01,,,,M_G3_026_01_G3S_026_01,2024-06-15,Qoqon,1,[TEST-ERXOTIN-LARGE] Test nikoh boglanishi: G3_026_01 + G3S_026_01.
M_G3S_EXTRA_16_G3_001_01,marriage,G3S_EXTRA_16,G3_001_01,,,,M_G3S_EXTRA_16_G3_001_01,2014-06-15,Samarqand,1,[TEST-ERXOTIN-LARGE] Test nikoh boglanishi: G3S_EXTRA_16 + G3_001_01.
M_G3_001_03_G3S_EXTRA_17,marriage,G3_001_03,G3S_EXTRA_17,,,,M_G3_001_03_G3S_EXTRA_17,2018-06-15,Buxoro,1,[TEST-ERXOTIN-LARGE] Test nikoh boglanishi: G3_001_03 + G3S_EXTRA_17.
M_G3S_EXTRA_18_G3_002_02,marriage,G3S_EXTRA_18,G3_002_02,,,,M_G3S_EXTRA_18_G3_002_02,2018-06-15,Termiz,1,[TEST-ERXOTIN-LARGE] Test nikoh boglanishi: G3S_EXTRA_18 + G3_002_02.
M_G3S_EXTRA_19_G3_002_03,marriage,G3S_EXTRA_19,G3_002_03,,,,M_G3S_EXTRA_19_G3_002_03,2020-06-15,Guliston,1,[TEST-ERXOTIN-LARGE] Test nikoh boglanishi: G3S_EXTRA_19 + G3_002_03.
M_G3_003_01_G3S_EXTRA_20,marriage,G3_003_01,G3S_EXTRA_20,,,,M_G3_003_01_G3S_EXTRA_20,2018-06-15,Qoqon,1,[TEST-ERXOTIN-LARGE] Test nikoh boglanishi: G3_003_01 + G3S_EXTRA_20.
M_G3S_EXTRA_21_G3_003_02,marriage,G3S_EXTRA_21,G3_003_02,,,,M_G3S_EXTRA_21_G3_003_02,2020-06-15,Fargona,1,[TEST-ERXOTIN-LARGE] Test nikoh boglanishi: G3S_EXTRA_21 + G3_003_02.
M_G3S_EXTRA_22_G3_004_01,marriage,G3S_EXTRA_22,G3_004_01,,,,M_G3S_EXTRA_22_G3_004_01,2020-06-15,Margilon,1,[TEST-ERXOTIN-LARGE] Test nikoh boglanishi: G3S_EXTRA_22 + G3_004_01.
M_G3S_EXTRA_23_G3_004_03,marriage,G3S_EXTRA_23,G3_004_03,,,,M_G3S_EXTRA_23_G3_004_03,2024-06-15,Toshkent,1,[TEST-ERXOTIN-LARGE] Test nikoh boglanishi: G3S_EXTRA_23 + G3_004_03.
M_G3S_EXTRA_24_G3_005_02,marriage,G3S_EXTRA_24,G3_005_02,,,,M_G3S_EXTRA_24_G3_005_02,2024-06-15,Andijon,1,[TEST-ERXOTIN-LARGE] Test nikoh boglanishi: G3S_EXTRA_24 + G3_005_02.
M_G3S_EXTRA_25_G3_006_01,marriage,G3S_EXTRA_25,G3_006_01,,,,M_G3S_EXTRA_25_G3_006_01,2016-06-15,Namangan,1,[TEST-ERXOTIN-LARGE] Test nikoh boglanishi: G3S_EXTRA_25 + G3_006_01.
M_G3_006_02_G3S_EXTRA_26,marriage,G3_006_02,G3S_EXTRA_26,,,,M_G3_006_02_G3S_EXTRA_26,2018-06-15,Samarqand,1,[TEST-ERXOTIN-LARGE] Test nikoh boglanishi: G3_006_02 + G3S_EXTRA_26.
M_G3S_EXTRA_27_G3_007_01,marriage,G3S_EXTRA_27,G3_007_01,,,,M_G3S_EXTRA_27_G3_007_01,2018-06-15,Buxoro,1,[TEST-ERXOTIN-LARGE] Test nikoh boglanishi: G3S_EXTRA_27 + G3_007_01.
M_G3S_EXTRA_28_G3_007_03,marriage,G3S_EXTRA_28,G3_007_03,,,,M_G3S_EXTRA_28_G3_007_03,2022-06-15,Termiz,1,[TEST-ERXOTIN-LARGE] Test nikoh boglanishi: G3S_EXTRA_28 + G3_007_03.
M_G3S_EXTRA_29_G3_008_02,marriage,G3S_EXTRA_29,G3_008_02,,,,M_G3S_EXTRA_29_G3_008_02,2022-06-15,Guliston,1,[TEST-ERXOTIN-LARGE] Test nikoh boglanishi: G3S_EXTRA_29 + G3_008_02.
M_G3S_EXTRA_30_G3_008_03,marriage,G3S_EXTRA_30,G3_008_03,,,,M_G3S_EXTRA_30_G3_008_03,2024-06-15,Qoqon,1,[TEST-ERXOTIN-LARGE] Test nikoh boglanishi: G3S_EXTRA_30 + G3_008_03.
M_G3S_EXTRA_31_G3_009_01,marriage,G3S_EXTRA_31,G3_009_01,,,,M_G3S_EXTRA_31_G3_009_01,2022-06-15,Fargona,1,[TEST-ERXOTIN-LARGE] Test nikoh boglanishi: G3S_EXTRA_31 + G3_009_01.
M_G3_009_02_G3S_EXTRA_32,marriage,G3_009_02,G3S_EXTRA_32,,,,M_G3_009_02_G3S_EXTRA_32,2024-06-15,Margilon,1,[TEST-ERXOTIN-LARGE] Test nikoh boglanishi: G3_009_02 + G3S_EXTRA_32.
M_G3S_EXTRA_33_G3_010_01,marriage,G3S_EXTRA_33,G3_010_01,,,,M_G3S_EXTRA_33_G3_010_01,2024-06-15,Toshkent,1,[TEST-ERXOTIN-LARGE] Test nikoh boglanishi: G3S_EXTRA_33 + G3_010_01.
M_G3S_EXTRA_34_G3_011_02,marriage,G3S_EXTRA_34,G3_011_02,,,,M_G3S_EXTRA_34_G3_011_02,2020-06-15,Andijon,1,[TEST-ERXOTIN-LARGE] Test nikoh boglanishi: G3S_EXTRA_34 + G3_011_02.
M_G3_011_03_G3S_EXTRA_35,marriage,G3_011_03,G3S_EXTRA_35,,,,M_G3_011_03_G3S_EXTRA_35,2022-06-15,Namangan,1,[TEST-ERXOTIN-LARGE] Test nikoh boglanishi: G3_011_03 + G3S_EXTRA_35.
M_G3S_EXTRA_36_G3_012_01,marriage,G3S_EXTRA_36,G3_012_01,,,,M_G3S_EXTRA_36_G3_012_01,2020-06-15,Samarqand,1,[TEST-ERXOTIN-LARGE] Test nikoh boglanishi: G3S_EXTRA_36 + G3_012_01.
M_G3S_EXTRA_37_G3_012_02,marriage,G3S_EXTRA_37,G3_012_02,,,,M_G3S_EXTRA_37_G3_012_02,2022-06-15,Buxoro,1,[TEST-ERXOTIN-LARGE] Test nikoh boglanishi: G3S_EXTRA_37 + G3_012_02.
M_G3S_EXTRA_38_G3_013_01,marriage,G3S_EXTRA_38,G3_013_01,,,,M_G3S_EXTRA_38_G3_013_01,2022-06-15,Termiz,1,[TEST-ERXOTIN-LARGE] Test nikoh boglanishi: G3S_EXTRA_38 + G3_013_01.
M_G3S_EXTRA_39_G3_016_01,marriage,G3S_EXTRA_39,G3_016_01,,,,M_G3S_EXTRA_39_G3_016_01,2020-06-15,Guliston,1,[TEST-ERXOTIN-LARGE] Test nikoh boglanishi: G3S_EXTRA_39 + G3_016_01.
M_G3S_EXTRA_40_G3_016_03,marriage,G3S_EXTRA_40,G3_016_03,,,,M_G3S_EXTRA_40_G3_016_03,2024-06-15,Qoqon,1,[TEST-ERXOTIN-LARGE] Test nikoh boglanishi: G3S_EXTRA_40 + G3_016_03.
M_G3_017_02_G3S_EXTRA_41,marriage,G3_017_02,G3S_EXTRA_41,,,,M_G3_017_02_G3S_EXTRA_41,2024-06-15,Fargona,1,[TEST-ERXOTIN-LARGE] Test nikoh boglanishi: G3_017_02 + G3S_EXTRA_41.
M_G3_018_01_G3S_EXTRA_42,marriage,G3_018_01,G3S_EXTRA_42,,,,M_G3_018_01_G3S_EXTRA_42,2024-06-15,Margilon,1,[TEST-ERXOTIN-LARGE] Test nikoh boglanishi: G3_018_01 + G3S_EXTRA_42.
M_G3S_EXTRA_43_G3_021_01,marriage,G3S_EXTRA_43,G3_021_01,,,,M_G3S_EXTRA_43_G3_021_01,2022-06-15,Toshkent,1,[TEST-ERXOTIN-LARGE] Test nikoh boglanishi: G3S_EXTRA_43 + G3_021_01.
M_G3_021_02_G3S_EXTRA_44,marriage,G3_021_02,G3S_EXTRA_44,,,,M_G3_021_02_G3S_EXTRA_44,2024-06-15,Andijon,1,[TEST-ERXOTIN-LARGE] Test nikoh boglanishi: G3_021_02 + G3S_EXTRA_44.
M_G3S_EXTRA_45_G3_022_01,marriage,G3S_EXTRA_45,G3_022_01,,,,M_G3S_EXTRA_45_G3_022_01,2024-06-15,Namangan,1,[TEST-ERXOTIN-LARGE] Test nikoh boglanishi: G3S_EXTRA_45 + G3_022_01.
PC_M_ROOT_F_ROOT_M_G1_01,parent_child,,,G1_01,ROOT_M,ROOT_F,M_ROOT_F_ROOT_M,,,1,[TEST-ERXOTIN-LARGE] G1_01 farzand boglanishi.
PC_M_ROOT_F_ROOT_M_G1_02,parent_child,,,G1_02,ROOT_M,ROOT_F,M_ROOT_F_ROOT_M,,,1,[TEST-ERXOTIN-LARGE] G1_02 farzand boglanishi.
PC_M_ROOT_F_ROOT_M_G1_03,parent_child,,,G1_03,ROOT_M,ROOT_F,M_ROOT_F_ROOT_M,,,1,[TEST-ERXOTIN-LARGE] G1_03 farzand boglanishi.
PC_M_ROOT_F_ROOT_M_G1_04,parent_child,,,G1_04,ROOT_M,ROOT_F,M_ROOT_F_ROOT_M,,,1,[TEST-ERXOTIN-LARGE] G1_04 farzand boglanishi.
PC_M_ROOT_F_ROOT_M_G1_05,parent_child,,,G1_05,ROOT_M,ROOT_F,M_ROOT_F_ROOT_M,,,1,[TEST-ERXOTIN-LARGE] G1_05 farzand boglanishi.
PC_M_ROOT_F_ROOT_M_G1_06,parent_child,,,G1_06,ROOT_M,ROOT_F,M_ROOT_F_ROOT_M,,,1,[TEST-ERXOTIN-LARGE] G1_06 farzand boglanishi.
PC_M_ROOT_F_ROOT_M_G1_07,parent_child,,,G1_07,ROOT_M,ROOT_F,M_ROOT_F_ROOT_M,,,1,[TEST-ERXOTIN-LARGE] G1_07 farzand boglanishi.
PC_M_ROOT_F_ROOT_M_G1_08,parent_child,,,G1_08,ROOT_M,ROOT_F,M_ROOT_F_ROOT_M,,,1,[TEST-ERXOTIN-LARGE] G1_08 farzand boglanishi.
PC_M_ROOT_F_ROOT_M_G1_09,parent_child,,,G1_09,ROOT_M,ROOT_F,M_ROOT_F_ROOT_M,,,1,[TEST-ERXOTIN-LARGE] G1_09 farzand boglanishi.
PC_M_ROOT_F_ROOT_M_G1_10,parent_child,,,G1_10,ROOT_M,ROOT_F,M_ROOT_F_ROOT_M,,,1,[TEST-ERXOTIN-LARGE] G1_10 farzand boglanishi.
PC_M_G1S_01_G1_01_G2_01_01,parent_child,,,G2_01_01,G1_01,G1S_01,M_G1S_01_G1_01,,,1,[TEST-ERXOTIN-LARGE] G2_01_01 farzand boglanishi.
PC_M_G1S_01_G1_01_G2_01_02,parent_child,,,G2_01_02,G1_01,G1S_01,M_G1S_01_G1_01,,,1,[TEST-ERXOTIN-LARGE] G2_01_02 farzand boglanishi.
PC_M_G1S_01_G1_01_G2_01_03,parent_child,,,G2_01_03,G1_01,G1S_01,M_G1S_01_G1_01,,,1,[TEST-ERXOTIN-LARGE] G2_01_03 farzand boglanishi.
PC_M_G1S_01_G1_01_G2_01_04,parent_child,,,G2_01_04,G1_01,G1S_01,M_G1S_01_G1_01,,,1,[TEST-ERXOTIN-LARGE] G2_01_04 farzand boglanishi.
PC_M_G1S_01_G1_01_G2_01_05,parent_child,,,G2_01_05,G1_01,G1S_01,M_G1S_01_G1_01,,,1,[TEST-ERXOTIN-LARGE] G2_01_05 farzand boglanishi.
PC_M_G1S_02_G1_02_G2_02_01,parent_child,,,G2_02_01,G1S_02,G1_02,M_G1S_02_G1_02,,,1,[TEST-ERXOTIN-LARGE] G2_02_01 farzand boglanishi.
PC_M_G1S_02_G1_02_G2_02_02,parent_child,,,G2_02_02,G1S_02,G1_02,M_G1S_02_G1_02,,,1,[TEST-ERXOTIN-LARGE] G2_02_02 farzand boglanishi.
PC_M_G1S_02_G1_02_G2_02_03,parent_child,,,G2_02_03,G1S_02,G1_02,M_G1S_02_G1_02,,,1,[TEST-ERXOTIN-LARGE] G2_02_03 farzand boglanishi.
PC_M_G1S_02_G1_02_G2_02_04,parent_child,,,G2_02_04,G1S_02,G1_02,M_G1S_02_G1_02,,,1,[TEST-ERXOTIN-LARGE] G2_02_04 farzand boglanishi.
PC_M_G1S_02_G1_02_G2_02_05,parent_child,,,G2_02_05,G1S_02,G1_02,M_G1S_02_G1_02,,,1,[TEST-ERXOTIN-LARGE] G2_02_05 farzand boglanishi.
PC_M_G1_03_G1S_03_G2_03_01,parent_child,,,G2_03_01,G1_03,G1S_03,M_G1_03_G1S_03,,,1,[TEST-ERXOTIN-LARGE] G2_03_01 farzand boglanishi.
PC_M_G1_03_G1S_03_G2_03_02,parent_child,,,G2_03_02,G1_03,G1S_03,M_G1_03_G1S_03,,,1,[TEST-ERXOTIN-LARGE] G2_03_02 farzand boglanishi.
PC_M_G1_03_G1S_03_G2_03_03,parent_child,,,G2_03_03,G1_03,G1S_03,M_G1_03_G1S_03,,,1,[TEST-ERXOTIN-LARGE] G2_03_03 farzand boglanishi.
PC_M_G1_03_G1S_03_G2_03_04,parent_child,,,G2_03_04,G1_03,G1S_03,M_G1_03_G1S_03,,,1,[TEST-ERXOTIN-LARGE] G2_03_04 farzand boglanishi.
PC_M_G1_03_G1S_03_G2_03_05,parent_child,,,G2_03_05,G1_03,G1S_03,M_G1_03_G1S_03,,,1,[TEST-ERXOTIN-LARGE] G2_03_05 farzand boglanishi.
PC_M_G1_04_G1S_04_G2_04_01,parent_child,,,G2_04_01,G1S_04,G1_04,M_G1_04_G1S_04,,,1,[TEST-ERXOTIN-LARGE] G2_04_01 farzand boglanishi.
PC_M_G1_04_G1S_04_G2_04_02,parent_child,,,G2_04_02,G1S_04,G1_04,M_G1_04_G1S_04,,,1,[TEST-ERXOTIN-LARGE] G2_04_02 farzand boglanishi.
PC_M_G1_04_G1S_04_G2_04_03,parent_child,,,G2_04_03,G1S_04,G1_04,M_G1_04_G1S_04,,,1,[TEST-ERXOTIN-LARGE] G2_04_03 farzand boglanishi.
PC_M_G1_04_G1S_04_G2_04_04,parent_child,,,G2_04_04,G1S_04,G1_04,M_G1_04_G1S_04,,,1,[TEST-ERXOTIN-LARGE] G2_04_04 farzand boglanishi.
PC_M_G1_04_G1S_04_G2_04_05,parent_child,,,G2_04_05,G1S_04,G1_04,M_G1_04_G1S_04,,,1,[TEST-ERXOTIN-LARGE] G2_04_05 farzand boglanishi.
PC_M_G1_05_G1S_05_G2_05_01,parent_child,,,G2_05_01,G1_05,G1S_05,M_G1_05_G1S_05,,,1,[TEST-ERXOTIN-LARGE] G2_05_01 farzand boglanishi.
PC_M_G1_05_G1S_05_G2_05_02,parent_child,,,G2_05_02,G1_05,G1S_05,M_G1_05_G1S_05,,,1,[TEST-ERXOTIN-LARGE] G2_05_02 farzand boglanishi.
PC_M_G1_05_G1S_05_G2_05_03,parent_child,,,G2_05_03,G1_05,G1S_05,M_G1_05_G1S_05,,,1,[TEST-ERXOTIN-LARGE] G2_05_03 farzand boglanishi.
PC_M_G1_05_G1S_05_G2_05_04,parent_child,,,G2_05_04,G1_05,G1S_05,M_G1_05_G1S_05,,,1,[TEST-ERXOTIN-LARGE] G2_05_04 farzand boglanishi.
PC_M_G1_05_G1S_05_G2_05_05,parent_child,,,G2_05_05,G1_05,G1S_05,M_G1_05_G1S_05,,,1,[TEST-ERXOTIN-LARGE] G2_05_05 farzand boglanishi.
PC_M_G1_06_G1S_06_G2_06_01,parent_child,,,G2_06_01,G1S_06,G1_06,M_G1_06_G1S_06,,,1,[TEST-ERXOTIN-LARGE] G2_06_01 farzand boglanishi.
PC_M_G1_06_G1S_06_G2_06_02,parent_child,,,G2_06_02,G1S_06,G1_06,M_G1_06_G1S_06,,,1,[TEST-ERXOTIN-LARGE] G2_06_02 farzand boglanishi.
PC_M_G1_06_G1S_06_G2_06_03,parent_child,,,G2_06_03,G1S_06,G1_06,M_G1_06_G1S_06,,,1,[TEST-ERXOTIN-LARGE] G2_06_03 farzand boglanishi.
PC_M_G1_06_G1S_06_G2_06_04,parent_child,,,G2_06_04,G1S_06,G1_06,M_G1_06_G1S_06,,,1,[TEST-ERXOTIN-LARGE] G2_06_04 farzand boglanishi.
PC_M_G1_06_G1S_06_G2_06_05,parent_child,,,G2_06_05,G1S_06,G1_06,M_G1_06_G1S_06,,,1,[TEST-ERXOTIN-LARGE] G2_06_05 farzand boglanishi.
PC_M_G1S_07_G1_07_G2_07_01,parent_child,,,G2_07_01,G1_07,G1S_07,M_G1S_07_G1_07,,,1,[TEST-ERXOTIN-LARGE] G2_07_01 farzand boglanishi.
PC_M_G1S_07_G1_07_G2_07_02,parent_child,,,G2_07_02,G1_07,G1S_07,M_G1S_07_G1_07,,,1,[TEST-ERXOTIN-LARGE] G2_07_02 farzand boglanishi.
PC_M_G1S_07_G1_07_G2_07_03,parent_child,,,G2_07_03,G1_07,G1S_07,M_G1S_07_G1_07,,,1,[TEST-ERXOTIN-LARGE] G2_07_03 farzand boglanishi.
PC_M_G1S_07_G1_07_G2_07_04,parent_child,,,G2_07_04,G1_07,G1S_07,M_G1S_07_G1_07,,,1,[TEST-ERXOTIN-LARGE] G2_07_04 farzand boglanishi.
PC_M_G1S_07_G1_07_G2_07_05,parent_child,,,G2_07_05,G1_07,G1S_07,M_G1S_07_G1_07,,,1,[TEST-ERXOTIN-LARGE] G2_07_05 farzand boglanishi.
PC_M_G1S_08_G1_08_G2_08_01,parent_child,,,G2_08_01,G1S_08,G1_08,M_G1S_08_G1_08,,,1,[TEST-ERXOTIN-LARGE] G2_08_01 farzand boglanishi.
PC_M_G1S_08_G1_08_G2_08_02,parent_child,,,G2_08_02,G1S_08,G1_08,M_G1S_08_G1_08,,,1,[TEST-ERXOTIN-LARGE] G2_08_02 farzand boglanishi.
PC_M_G1S_08_G1_08_G2_08_03,parent_child,,,G2_08_03,G1S_08,G1_08,M_G1S_08_G1_08,,,1,[TEST-ERXOTIN-LARGE] G2_08_03 farzand boglanishi.
PC_M_G1S_08_G1_08_G2_08_04,parent_child,,,G2_08_04,G1S_08,G1_08,M_G1S_08_G1_08,,,1,[TEST-ERXOTIN-LARGE] G2_08_04 farzand boglanishi.
PC_M_G1S_08_G1_08_G2_08_05,parent_child,,,G2_08_05,G1S_08,G1_08,M_G1S_08_G1_08,,,1,[TEST-ERXOTIN-LARGE] G2_08_05 farzand boglanishi.
PC_M_G1S_09_G1_09_G2_09_01,parent_child,,,G2_09_01,G1_09,G1S_09,M_G1S_09_G1_09,,,1,[TEST-ERXOTIN-LARGE] G2_09_01 farzand boglanishi.
PC_M_G1S_09_G1_09_G2_09_02,parent_child,,,G2_09_02,G1_09,G1S_09,M_G1S_09_G1_09,,,1,[TEST-ERXOTIN-LARGE] G2_09_02 farzand boglanishi.
PC_M_G1S_09_G1_09_G2_09_03,parent_child,,,G2_09_03,G1_09,G1S_09,M_G1S_09_G1_09,,,1,[TEST-ERXOTIN-LARGE] G2_09_03 farzand boglanishi.
PC_M_G1S_09_G1_09_G2_09_04,parent_child,,,G2_09_04,G1_09,G1S_09,M_G1S_09_G1_09,,,1,[TEST-ERXOTIN-LARGE] G2_09_04 farzand boglanishi.
PC_M_G1S_09_G1_09_G2_09_05,parent_child,,,G2_09_05,G1_09,G1S_09,M_G1S_09_G1_09,,,1,[TEST-ERXOTIN-LARGE] G2_09_05 farzand boglanishi.
PC_M_G1S_10_G1_10_G2_10_01,parent_child,,,G2_10_01,G1S_10,G1_10,M_G1S_10_G1_10,,,1,[TEST-ERXOTIN-LARGE] G2_10_01 farzand boglanishi.
PC_M_G1S_10_G1_10_G2_10_02,parent_child,,,G2_10_02,G1S_10,G1_10,M_G1S_10_G1_10,,,1,[TEST-ERXOTIN-LARGE] G2_10_02 farzand boglanishi.
PC_M_G1S_10_G1_10_G2_10_03,parent_child,,,G2_10_03,G1S_10,G1_10,M_G1S_10_G1_10,,,1,[TEST-ERXOTIN-LARGE] G2_10_03 farzand boglanishi.
PC_M_G1S_10_G1_10_G2_10_04,parent_child,,,G2_10_04,G1S_10,G1_10,M_G1S_10_G1_10,,,1,[TEST-ERXOTIN-LARGE] G2_10_04 farzand boglanishi.
PC_M_G1S_10_G1_10_G2_10_05,parent_child,,,G2_10_05,G1S_10,G1_10,M_G1S_10_G1_10,,,1,[TEST-ERXOTIN-LARGE] G2_10_05 farzand boglanishi.
PC_M_G2S_01_01_G2_01_01_G3_001_01,parent_child,,,G3_001_01,G2S_01_01,G2_01_01,M_G2S_01_01_G2_01_01,,,1,[TEST-ERXOTIN-LARGE] G3_001_01 farzand boglanishi.
PC_M_G2S_01_01_G2_01_01_G3_001_02,parent_child,,,G3_001_02,G2S_01_01,G2_01_01,M_G2S_01_01_G2_01_01,,,1,[TEST-ERXOTIN-LARGE] G3_001_02 farzand boglanishi.
PC_M_G2S_01_01_G2_01_01_G3_001_03,parent_child,,,G3_001_03,G2S_01_01,G2_01_01,M_G2S_01_01_G2_01_01,,,1,[TEST-ERXOTIN-LARGE] G3_001_03 farzand boglanishi.
PC_M_G2S_01_02_G2_01_02_G3_002_01,parent_child,,,G3_002_01,G2_01_02,G2S_01_02,M_G2S_01_02_G2_01_02,,,1,[TEST-ERXOTIN-LARGE] G3_002_01 farzand boglanishi.
PC_M_G2S_01_02_G2_01_02_G3_002_02,parent_child,,,G3_002_02,G2_01_02,G2S_01_02,M_G2S_01_02_G2_01_02,,,1,[TEST-ERXOTIN-LARGE] G3_002_02 farzand boglanishi.
PC_M_G2S_01_02_G2_01_02_G3_002_03,parent_child,,,G3_002_03,G2_01_02,G2S_01_02,M_G2S_01_02_G2_01_02,,,1,[TEST-ERXOTIN-LARGE] G3_002_03 farzand boglanishi.
PC_M_G2S_01_03_G2_01_03_G3_003_01,parent_child,,,G3_003_01,G2S_01_03,G2_01_03,M_G2S_01_03_G2_01_03,,,1,[TEST-ERXOTIN-LARGE] G3_003_01 farzand boglanishi.
PC_M_G2S_01_03_G2_01_03_G3_003_02,parent_child,,,G3_003_02,G2S_01_03,G2_01_03,M_G2S_01_03_G2_01_03,,,1,[TEST-ERXOTIN-LARGE] G3_003_02 farzand boglanishi.
PC_M_G2S_01_03_G2_01_03_G3_003_03,parent_child,,,G3_003_03,G2S_01_03,G2_01_03,M_G2S_01_03_G2_01_03,,,1,[TEST-ERXOTIN-LARGE] G3_003_03 farzand boglanishi.
PC_M_G2S_01_04_G2_01_04_G3_004_01,parent_child,,,G3_004_01,G2_01_04,G2S_01_04,M_G2S_01_04_G2_01_04,,,1,[TEST-ERXOTIN-LARGE] G3_004_01 farzand boglanishi.
PC_M_G2S_01_04_G2_01_04_G3_004_02,parent_child,,,G3_004_02,G2_01_04,G2S_01_04,M_G2S_01_04_G2_01_04,,,1,[TEST-ERXOTIN-LARGE] G3_004_02 farzand boglanishi.
PC_M_G2S_01_04_G2_01_04_G3_004_03,parent_child,,,G3_004_03,G2_01_04,G2S_01_04,M_G2S_01_04_G2_01_04,,,1,[TEST-ERXOTIN-LARGE] G3_004_03 farzand boglanishi.
PC_M_G2_01_05_G2S_01_05_G3_005_01,parent_child,,,G3_005_01,G2S_01_05,G2_01_05,M_G2_01_05_G2S_01_05,,,1,[TEST-ERXOTIN-LARGE] G3_005_01 farzand boglanishi.
PC_M_G2_01_05_G2S_01_05_G3_005_02,parent_child,,,G3_005_02,G2S_01_05,G2_01_05,M_G2_01_05_G2S_01_05,,,1,[TEST-ERXOTIN-LARGE] G3_005_02 farzand boglanishi.
PC_M_G2_01_05_G2S_01_05_G3_005_03,parent_child,,,G3_005_03,G2S_01_05,G2_01_05,M_G2_01_05_G2S_01_05,,,1,[TEST-ERXOTIN-LARGE] G3_005_03 farzand boglanishi.
PC_M_G2S_02_01_G2_02_01_G3_006_01,parent_child,,,G3_006_01,G2_02_01,G2S_02_01,M_G2S_02_01_G2_02_01,,,1,[TEST-ERXOTIN-LARGE] G3_006_01 farzand boglanishi.
PC_M_G2S_02_01_G2_02_01_G3_006_02,parent_child,,,G3_006_02,G2_02_01,G2S_02_01,M_G2S_02_01_G2_02_01,,,1,[TEST-ERXOTIN-LARGE] G3_006_02 farzand boglanishi.
PC_M_G2S_02_01_G2_02_01_G3_006_03,parent_child,,,G3_006_03,G2_02_01,G2S_02_01,M_G2S_02_01_G2_02_01,,,1,[TEST-ERXOTIN-LARGE] G3_006_03 farzand boglanishi.
PC_M_G2_02_02_G2S_02_02_G3_007_01,parent_child,,,G3_007_01,G2S_02_02,G2_02_02,M_G2_02_02_G2S_02_02,,,1,[TEST-ERXOTIN-LARGE] G3_007_01 farzand boglanishi.
PC_M_G2_02_02_G2S_02_02_G3_007_02,parent_child,,,G3_007_02,G2S_02_02,G2_02_02,M_G2_02_02_G2S_02_02,,,1,[TEST-ERXOTIN-LARGE] G3_007_02 farzand boglanishi.
PC_M_G2_02_02_G2S_02_02_G3_007_03,parent_child,,,G3_007_03,G2S_02_02,G2_02_02,M_G2_02_02_G2S_02_02,,,1,[TEST-ERXOTIN-LARGE] G3_007_03 farzand boglanishi.
PC_M_G2_02_03_G2S_02_03_G3_008_01,parent_child,,,G3_008_01,G2_02_03,G2S_02_03,M_G2_02_03_G2S_02_03,,,1,[TEST-ERXOTIN-LARGE] G3_008_01 farzand boglanishi.
PC_M_G2_02_03_G2S_02_03_G3_008_02,parent_child,,,G3_008_02,G2_02_03,G2S_02_03,M_G2_02_03_G2S_02_03,,,1,[TEST-ERXOTIN-LARGE] G3_008_02 farzand boglanishi.
PC_M_G2_02_03_G2S_02_03_G3_008_03,parent_child,,,G3_008_03,G2_02_03,G2S_02_03,M_G2_02_03_G2S_02_03,,,1,[TEST-ERXOTIN-LARGE] G3_008_03 farzand boglanishi.
PC_M_G2_02_04_G2S_02_04_G3_009_01,parent_child,,,G3_009_01,G2S_02_04,G2_02_04,M_G2_02_04_G2S_02_04,,,1,[TEST-ERXOTIN-LARGE] G3_009_01 farzand boglanishi.
PC_M_G2_02_04_G2S_02_04_G3_009_02,parent_child,,,G3_009_02,G2S_02_04,G2_02_04,M_G2_02_04_G2S_02_04,,,1,[TEST-ERXOTIN-LARGE] G3_009_02 farzand boglanishi.
PC_M_G2_02_04_G2S_02_04_G3_009_03,parent_child,,,G3_009_03,G2S_02_04,G2_02_04,M_G2_02_04_G2S_02_04,,,1,[TEST-ERXOTIN-LARGE] G3_009_03 farzand boglanishi.
PC_M_G2S_02_05_G2_02_05_G3_010_01,parent_child,,,G3_010_01,G2_02_05,G2S_02_05,M_G2S_02_05_G2_02_05,,,1,[TEST-ERXOTIN-LARGE] G3_010_01 farzand boglanishi.
PC_M_G2S_02_05_G2_02_05_G3_010_02,parent_child,,,G3_010_02,G2_02_05,G2S_02_05,M_G2S_02_05_G2_02_05,,,1,[TEST-ERXOTIN-LARGE] G3_010_02 farzand boglanishi.
PC_M_G2S_02_05_G2_02_05_G3_010_03,parent_child,,,G3_010_03,G2_02_05,G2S_02_05,M_G2S_02_05_G2_02_05,,,1,[TEST-ERXOTIN-LARGE] G3_010_03 farzand boglanishi.
PC_M_G2_03_01_G2S_03_01_G3_011_01,parent_child,,,G3_011_01,G2S_03_01,G2_03_01,M_G2_03_01_G2S_03_01,,,1,[TEST-ERXOTIN-LARGE] G3_011_01 farzand boglanishi.
PC_M_G2_03_01_G2S_03_01_G3_011_02,parent_child,,,G3_011_02,G2S_03_01,G2_03_01,M_G2_03_01_G2S_03_01,,,1,[TEST-ERXOTIN-LARGE] G3_011_02 farzand boglanishi.
PC_M_G2_03_01_G2S_03_01_G3_011_03,parent_child,,,G3_011_03,G2S_03_01,G2_03_01,M_G2_03_01_G2S_03_01,,,1,[TEST-ERXOTIN-LARGE] G3_011_03 farzand boglanishi.
PC_M_G2_03_02_G2S_03_02_G3_012_01,parent_child,,,G3_012_01,G2_03_02,G2S_03_02,M_G2_03_02_G2S_03_02,,,1,[TEST-ERXOTIN-LARGE] G3_012_01 farzand boglanishi.
PC_M_G2_03_02_G2S_03_02_G3_012_02,parent_child,,,G3_012_02,G2_03_02,G2S_03_02,M_G2_03_02_G2S_03_02,,,1,[TEST-ERXOTIN-LARGE] G3_012_02 farzand boglanishi.
PC_M_G2_03_02_G2S_03_02_G3_012_03,parent_child,,,G3_012_03,G2_03_02,G2S_03_02,M_G2_03_02_G2S_03_02,,,1,[TEST-ERXOTIN-LARGE] G3_012_03 farzand boglanishi.
PC_M_G2_03_03_G2S_03_03_G3_013_01,parent_child,,,G3_013_01,G2S_03_03,G2_03_03,M_G2_03_03_G2S_03_03,,,1,[TEST-ERXOTIN-LARGE] G3_013_01 farzand boglanishi.
PC_M_G2_03_03_G2S_03_03_G3_013_02,parent_child,,,G3_013_02,G2S_03_03,G2_03_03,M_G2_03_03_G2S_03_03,,,1,[TEST-ERXOTIN-LARGE] G3_013_02 farzand boglanishi.
PC_M_G2_03_03_G2S_03_03_G3_013_03,parent_child,,,G3_013_03,G2S_03_03,G2_03_03,M_G2_03_03_G2S_03_03,,,1,[TEST-ERXOTIN-LARGE] G3_013_03 farzand boglanishi.
PC_M_G2_03_04_G2S_03_04_G3_014_01,parent_child,,,G3_014_01,G2_03_04,G2S_03_04,M_G2_03_04_G2S_03_04,,,1,[TEST-ERXOTIN-LARGE] G3_014_01 farzand boglanishi.
PC_M_G2_03_04_G2S_03_04_G3_014_02,parent_child,,,G3_014_02,G2_03_04,G2S_03_04,M_G2_03_04_G2S_03_04,,,1,[TEST-ERXOTIN-LARGE] G3_014_02 farzand boglanishi.
PC_M_G2_03_04_G2S_03_04_G3_014_03,parent_child,,,G3_014_03,G2_03_04,G2S_03_04,M_G2_03_04_G2S_03_04,,,1,[TEST-ERXOTIN-LARGE] G3_014_03 farzand boglanishi.
PC_M_G2_03_05_G2S_03_05_G3_015_01,parent_child,,,G3_015_01,G2S_03_05,G2_03_05,M_G2_03_05_G2S_03_05,,,1,[TEST-ERXOTIN-LARGE] G3_015_01 farzand boglanishi.
PC_M_G2_03_05_G2S_03_05_G3_015_02,parent_child,,,G3_015_02,G2S_03_05,G2_03_05,M_G2_03_05_G2S_03_05,,,1,[TEST-ERXOTIN-LARGE] G3_015_02 farzand boglanishi.
PC_M_G2_03_05_G2S_03_05_G3_015_03,parent_child,,,G3_015_03,G2S_03_05,G2_03_05,M_G2_03_05_G2S_03_05,,,1,[TEST-ERXOTIN-LARGE] G3_015_03 farzand boglanishi.
PC_M_G2S_04_01_G2_04_01_G3_016_01,parent_child,,,G3_016_01,G2_04_01,G2S_04_01,M_G2S_04_01_G2_04_01,,,1,[TEST-ERXOTIN-LARGE] G3_016_01 farzand boglanishi.
PC_M_G2S_04_01_G2_04_01_G3_016_02,parent_child,,,G3_016_02,G2_04_01,G2S_04_01,M_G2S_04_01_G2_04_01,,,1,[TEST-ERXOTIN-LARGE] G3_016_02 farzand boglanishi.
PC_M_G2S_04_01_G2_04_01_G3_016_03,parent_child,,,G3_016_03,G2_04_01,G2S_04_01,M_G2S_04_01_G2_04_01,,,1,[TEST-ERXOTIN-LARGE] G3_016_03 farzand boglanishi.
PC_M_G2S_04_02_G2_04_02_G3_017_01,parent_child,,,G3_017_01,G2S_04_02,G2_04_02,M_G2S_04_02_G2_04_02,,,1,[TEST-ERXOTIN-LARGE] G3_017_01 farzand boglanishi.
PC_M_G2S_04_02_G2_04_02_G3_017_02,parent_child,,,G3_017_02,G2S_04_02,G2_04_02,M_G2S_04_02_G2_04_02,,,1,[TEST-ERXOTIN-LARGE] G3_017_02 farzand boglanishi.
PC_M_G2S_04_02_G2_04_02_G3_017_03,parent_child,,,G3_017_03,G2S_04_02,G2_04_02,M_G2S_04_02_G2_04_02,,,1,[TEST-ERXOTIN-LARGE] G3_017_03 farzand boglanishi.
PC_M_G2_04_03_G2S_04_03_G3_018_01,parent_child,,,G3_018_01,G2_04_03,G2S_04_03,M_G2_04_03_G2S_04_03,,,1,[TEST-ERXOTIN-LARGE] G3_018_01 farzand boglanishi.
PC_M_G2_04_03_G2S_04_03_G3_018_02,parent_child,,,G3_018_02,G2_04_03,G2S_04_03,M_G2_04_03_G2S_04_03,,,1,[TEST-ERXOTIN-LARGE] G3_018_02 farzand boglanishi.
PC_M_G2_04_03_G2S_04_03_G3_018_03,parent_child,,,G3_018_03,G2_04_03,G2S_04_03,M_G2_04_03_G2S_04_03,,,1,[TEST-ERXOTIN-LARGE] G3_018_03 farzand boglanishi.
PC_M_G2_04_04_G2S_04_04_G3_019_01,parent_child,,,G3_019_01,G2S_04_04,G2_04_04,M_G2_04_04_G2S_04_04,,,1,[TEST-ERXOTIN-LARGE] G3_019_01 farzand boglanishi.
PC_M_G2_04_04_G2S_04_04_G3_019_02,parent_child,,,G3_019_02,G2S_04_04,G2_04_04,M_G2_04_04_G2S_04_04,,,1,[TEST-ERXOTIN-LARGE] G3_019_02 farzand boglanishi.
PC_M_G2_04_04_G2S_04_04_G3_019_03,parent_child,,,G3_019_03,G2S_04_04,G2_04_04,M_G2_04_04_G2S_04_04,,,1,[TEST-ERXOTIN-LARGE] G3_019_03 farzand boglanishi.
PC_M_G2_04_05_G2S_04_05_G3_020_01,parent_child,,,G3_020_01,G2_04_05,G2S_04_05,M_G2_04_05_G2S_04_05,,,1,[TEST-ERXOTIN-LARGE] G3_020_01 farzand boglanishi.
PC_M_G2_04_05_G2S_04_05_G3_020_02,parent_child,,,G3_020_02,G2_04_05,G2S_04_05,M_G2_04_05_G2S_04_05,,,1,[TEST-ERXOTIN-LARGE] G3_020_02 farzand boglanishi.
PC_M_G2_04_05_G2S_04_05_G3_020_03,parent_child,,,G3_020_03,G2_04_05,G2S_04_05,M_G2_04_05_G2S_04_05,,,1,[TEST-ERXOTIN-LARGE] G3_020_03 farzand boglanishi.
PC_M_G2_05_01_G2S_05_01_G3_021_01,parent_child,,,G3_021_01,G2S_05_01,G2_05_01,M_G2_05_01_G2S_05_01,,,1,[TEST-ERXOTIN-LARGE] G3_021_01 farzand boglanishi.
PC_M_G2_05_01_G2S_05_01_G3_021_02,parent_child,,,G3_021_02,G2S_05_01,G2_05_01,M_G2_05_01_G2S_05_01,,,1,[TEST-ERXOTIN-LARGE] G3_021_02 farzand boglanishi.
PC_M_G2_05_01_G2S_05_01_G3_021_03,parent_child,,,G3_021_03,G2S_05_01,G2_05_01,M_G2_05_01_G2S_05_01,,,1,[TEST-ERXOTIN-LARGE] G3_021_03 farzand boglanishi.
PC_M_G2_05_02_G2S_05_02_G3_022_01,parent_child,,,G3_022_01,G2_05_02,G2S_05_02,M_G2_05_02_G2S_05_02,,,1,[TEST-ERXOTIN-LARGE] G3_022_01 farzand boglanishi.
PC_M_G2_05_02_G2S_05_02_G3_022_02,parent_child,,,G3_022_02,G2_05_02,G2S_05_02,M_G2_05_02_G2S_05_02,,,1,[TEST-ERXOTIN-LARGE] G3_022_02 farzand boglanishi.
PC_M_G2_05_02_G2S_05_02_G3_022_03,parent_child,,,G3_022_03,G2_05_02,G2S_05_02,M_G2_05_02_G2S_05_02,,,1,[TEST-ERXOTIN-LARGE] G3_022_03 farzand boglanishi.
PC_M_G2_05_03_G2S_05_03_G3_023_01,parent_child,,,G3_023_01,G2S_05_03,G2_05_03,M_G2_05_03_G2S_05_03,,,1,[TEST-ERXOTIN-LARGE] G3_023_01 farzand boglanishi.
PC_M_G2_05_03_G2S_05_03_G3_023_02,parent_child,,,G3_023_02,G2S_05_03,G2_05_03,M_G2_05_03_G2S_05_03,,,1,[TEST-ERXOTIN-LARGE] G3_023_02 farzand boglanishi.
PC_M_G2_05_03_G2S_05_03_G3_023_03,parent_child,,,G3_023_03,G2S_05_03,G2_05_03,M_G2_05_03_G2S_05_03,,,1,[TEST-ERXOTIN-LARGE] G3_023_03 farzand boglanishi.
PC_M_G2S_05_04_G2_05_04_G3_024_01,parent_child,,,G3_024_01,G2_05_04,G2S_05_04,M_G2S_05_04_G2_05_04,,,1,[TEST-ERXOTIN-LARGE] G3_024_01 farzand boglanishi.
PC_M_G2S_05_04_G2_05_04_G3_024_02,parent_child,,,G3_024_02,G2_05_04,G2S_05_04,M_G2S_05_04_G2_05_04,,,1,[TEST-ERXOTIN-LARGE] G3_024_02 farzand boglanishi.
PC_M_G2S_05_04_G2_05_04_G3_024_03,parent_child,,,G3_024_03,G2_05_04,G2S_05_04,M_G2S_05_04_G2_05_04,,,1,[TEST-ERXOTIN-LARGE] G3_024_03 farzand boglanishi.
PC_M_G2_05_05_G2S_05_05_G3_025_01,parent_child,,,G3_025_01,G2S_05_05,G2_05_05,M_G2_05_05_G2S_05_05,,,1,[TEST-ERXOTIN-LARGE] G3_025_01 farzand boglanishi.
PC_M_G2_05_05_G2S_05_05_G3_025_02,parent_child,,,G3_025_02,G2S_05_05,G2_05_05,M_G2_05_05_G2S_05_05,,,1,[TEST-ERXOTIN-LARGE] G3_025_02 farzand boglanishi.
PC_M_G2_05_05_G2S_05_05_G3_025_03,parent_child,,,G3_025_03,G2S_05_05,G2_05_05,M_G2_05_05_G2S_05_05,,,1,[TEST-ERXOTIN-LARGE] G3_025_03 farzand boglanishi.
PC_M_G2S_06_01_G2_06_01_G3_026_01,parent_child,,,G3_026_01,G2_06_01,G2S_06_01,M_G2S_06_01_G2_06_01,,,1,[TEST-ERXOTIN-LARGE] G3_026_01 farzand boglanishi.
PC_M_G2S_06_01_G2_06_01_G3_026_02,parent_child,,,G3_026_02,G2_06_01,G2S_06_01,M_G2S_06_01_G2_06_01,,,1,[TEST-ERXOTIN-LARGE] G3_026_02 farzand boglanishi.
PC_M_G2S_06_01_G2_06_01_G3_026_03,parent_child,,,G3_026_03,G2_06_01,G2S_06_01,M_G2S_06_01_G2_06_01,,,1,[TEST-ERXOTIN-LARGE] G3_026_03 farzand boglanishi.
PC_M_G2S_06_02_G2_06_02_G3_027_01,parent_child,,,G3_027_01,G2S_06_02,G2_06_02,M_G2S_06_02_G2_06_02,,,1,[TEST-ERXOTIN-LARGE] G3_027_01 farzand boglanishi.
PC_M_G2S_06_02_G2_06_02_G3_027_02,parent_child,,,G3_027_02,G2S_06_02,G2_06_02,M_G2S_06_02_G2_06_02,,,1,[TEST-ERXOTIN-LARGE] G3_027_02 farzand boglanishi.
PC_M_G2S_06_02_G2_06_02_G3_027_03,parent_child,,,G3_027_03,G2S_06_02,G2_06_02,M_G2S_06_02_G2_06_02,,,1,[TEST-ERXOTIN-LARGE] G3_027_03 farzand boglanishi.
PC_M_G2S_06_03_G2_06_03_G3_028_01,parent_child,,,G3_028_01,G2_06_03,G2S_06_03,M_G2S_06_03_G2_06_03,,,1,[TEST-ERXOTIN-LARGE] G3_028_01 farzand boglanishi.
PC_M_G2S_06_03_G2_06_03_G3_028_02,parent_child,,,G3_028_02,G2_06_03,G2S_06_03,M_G2S_06_03_G2_06_03,,,1,[TEST-ERXOTIN-LARGE] G3_028_02 farzand boglanishi.
PC_M_G2S_06_03_G2_06_03_G3_028_03,parent_child,,,G3_028_03,G2_06_03,G2S_06_03,M_G2S_06_03_G2_06_03,,,1,[TEST-ERXOTIN-LARGE] G3_028_03 farzand boglanishi.
PC_M_G2_06_04_G2S_06_04_G3_029_01,parent_child,,,G3_029_01,G2S_06_04,G2_06_04,M_G2_06_04_G2S_06_04,,,1,[TEST-ERXOTIN-LARGE] G3_029_01 farzand boglanishi.
PC_M_G2_06_04_G2S_06_04_G3_029_02,parent_child,,,G3_029_02,G2S_06_04,G2_06_04,M_G2_06_04_G2S_06_04,,,1,[TEST-ERXOTIN-LARGE] G3_029_02 farzand boglanishi.
PC_M_G2_06_04_G2S_06_04_G3_029_03,parent_child,,,G3_029_03,G2S_06_04,G2_06_04,M_G2_06_04_G2S_06_04,,,1,[TEST-ERXOTIN-LARGE] G3_029_03 farzand boglanishi.
PC_M_G2S_06_05_G2_06_05_G3_030_01,parent_child,,,G3_030_01,G2_06_05,G2S_06_05,M_G2S_06_05_G2_06_05,,,1,[TEST-ERXOTIN-LARGE] G3_030_01 farzand boglanishi.
PC_M_G2S_06_05_G2_06_05_G3_030_02,parent_child,,,G3_030_02,G2_06_05,G2S_06_05,M_G2S_06_05_G2_06_05,,,1,[TEST-ERXOTIN-LARGE] G3_030_02 farzand boglanishi.
PC_M_G2S_06_05_G2_06_05_G3_030_03,parent_child,,,G3_030_03,G2_06_05,G2S_06_05,M_G2S_06_05_G2_06_05,,,1,[TEST-ERXOTIN-LARGE] G3_030_03 farzand boglanishi.
PC_M_G2S_07_01_G2_07_01_G3_031_01,parent_child,,,G3_031_01,G2S_07_01,G2_07_01,M_G2S_07_01_G2_07_01,,,1,[TEST-ERXOTIN-LARGE] G3_031_01 farzand boglanishi.
PC_M_G2S_07_01_G2_07_01_G3_031_02,parent_child,,,G3_031_02,G2S_07_01,G2_07_01,M_G2S_07_01_G2_07_01,,,1,[TEST-ERXOTIN-LARGE] G3_031_02 farzand boglanishi.
PC_M_G2S_07_01_G2_07_01_G3_031_03,parent_child,,,G3_031_03,G2S_07_01,G2_07_01,M_G2S_07_01_G2_07_01,,,1,[TEST-ERXOTIN-LARGE] G3_031_03 farzand boglanishi.
PC_M_G2_07_02_G2S_07_02_G3_032_01,parent_child,,,G3_032_01,G2_07_02,G2S_07_02,M_G2_07_02_G2S_07_02,,,1,[TEST-ERXOTIN-LARGE] G3_032_01 farzand boglanishi.
PC_M_G2_07_02_G2S_07_02_G3_032_02,parent_child,,,G3_032_02,G2_07_02,G2S_07_02,M_G2_07_02_G2S_07_02,,,1,[TEST-ERXOTIN-LARGE] G3_032_02 farzand boglanishi.
PC_M_G2_07_02_G2S_07_02_G3_032_03,parent_child,,,G3_032_03,G2_07_02,G2S_07_02,M_G2_07_02_G2S_07_02,,,1,[TEST-ERXOTIN-LARGE] G3_032_03 farzand boglanishi.
PC_M_G2_07_03_G2S_07_03_G3_033_01,parent_child,,,G3_033_01,G2S_07_03,G2_07_03,M_G2_07_03_G2S_07_03,,,1,[TEST-ERXOTIN-LARGE] G3_033_01 farzand boglanishi.
PC_M_G2_07_03_G2S_07_03_G3_033_02,parent_child,,,G3_033_02,G2S_07_03,G2_07_03,M_G2_07_03_G2S_07_03,,,1,[TEST-ERXOTIN-LARGE] G3_033_02 farzand boglanishi.
PC_M_G2_07_03_G2S_07_03_G3_033_03,parent_child,,,G3_033_03,G2S_07_03,G2_07_03,M_G2_07_03_G2S_07_03,,,1,[TEST-ERXOTIN-LARGE] G3_033_03 farzand boglanishi.
PC_M_G2S_07_04_G2_07_04_G3_034_01,parent_child,,,G3_034_01,G2_07_04,G2S_07_04,M_G2S_07_04_G2_07_04,,,1,[TEST-ERXOTIN-LARGE] G3_034_01 farzand boglanishi.
PC_M_G2S_07_04_G2_07_04_G3_034_02,parent_child,,,G3_034_02,G2_07_04,G2S_07_04,M_G2S_07_04_G2_07_04,,,1,[TEST-ERXOTIN-LARGE] G3_034_02 farzand boglanishi.
PC_M_G2S_07_04_G2_07_04_G3_034_03,parent_child,,,G3_034_03,G2_07_04,G2S_07_04,M_G2S_07_04_G2_07_04,,,1,[TEST-ERXOTIN-LARGE] G3_034_03 farzand boglanishi.
PC_M_G2S_07_05_G2_07_05_G3_035_01,parent_child,,,G3_035_01,G2S_07_05,G2_07_05,M_G2S_07_05_G2_07_05,,,1,[TEST-ERXOTIN-LARGE] G3_035_01 farzand boglanishi.
PC_M_G2S_07_05_G2_07_05_G3_035_02,parent_child,,,G3_035_02,G2S_07_05,G2_07_05,M_G2S_07_05_G2_07_05,,,1,[TEST-ERXOTIN-LARGE] G3_035_02 farzand boglanishi.
PC_M_G2S_07_05_G2_07_05_G3_035_03,parent_child,,,G3_035_03,G2S_07_05,G2_07_05,M_G2S_07_05_G2_07_05,,,1,[TEST-ERXOTIN-LARGE] G3_035_03 farzand boglanishi.
PC_M_G2_08_01_G2S_08_01_G3_036_01,parent_child,,,G3_036_01,G2_08_01,G2S_08_01,M_G2_08_01_G2S_08_01,,,1,[TEST-ERXOTIN-LARGE] G3_036_01 farzand boglanishi.
PC_M_G2_08_01_G2S_08_01_G3_036_02,parent_child,,,G3_036_02,G2_08_01,G2S_08_01,M_G2_08_01_G2S_08_01,,,1,[TEST-ERXOTIN-LARGE] G3_036_02 farzand boglanishi.
PC_M_G2_08_01_G2S_08_01_G3_036_03,parent_child,,,G3_036_03,G2_08_01,G2S_08_01,M_G2_08_01_G2S_08_01,,,1,[TEST-ERXOTIN-LARGE] G3_036_03 farzand boglanishi.
PC_M_G2_08_02_G2S_08_02_G3_037_01,parent_child,,,G3_037_01,G2S_08_02,G2_08_02,M_G2_08_02_G2S_08_02,,,1,[TEST-ERXOTIN-LARGE] G3_037_01 farzand boglanishi.
PC_M_G2_08_02_G2S_08_02_G3_037_02,parent_child,,,G3_037_02,G2S_08_02,G2_08_02,M_G2_08_02_G2S_08_02,,,1,[TEST-ERXOTIN-LARGE] G3_037_02 farzand boglanishi.
PC_M_G2_08_02_G2S_08_02_G3_037_03,parent_child,,,G3_037_03,G2S_08_02,G2_08_02,M_G2_08_02_G2S_08_02,,,1,[TEST-ERXOTIN-LARGE] G3_037_03 farzand boglanishi.
PC_M_G2S_08_03_G2_08_03_G3_038_01,parent_child,,,G3_038_01,G2_08_03,G2S_08_03,M_G2S_08_03_G2_08_03,,,1,[TEST-ERXOTIN-LARGE] G3_038_01 farzand boglanishi.
PC_M_G2S_08_03_G2_08_03_G3_038_02,parent_child,,,G3_038_02,G2_08_03,G2S_08_03,M_G2S_08_03_G2_08_03,,,1,[TEST-ERXOTIN-LARGE] G3_038_02 farzand boglanishi.
PC_M_G2S_08_03_G2_08_03_G3_038_03,parent_child,,,G3_038_03,G2_08_03,G2S_08_03,M_G2S_08_03_G2_08_03,,,1,[TEST-ERXOTIN-LARGE] G3_038_03 farzand boglanishi.
PC_M_G2_08_04_G2S_08_04_G3_039_01,parent_child,,,G3_039_01,G2S_08_04,G2_08_04,M_G2_08_04_G2S_08_04,,,1,[TEST-ERXOTIN-LARGE] G3_039_01 farzand boglanishi.
PC_M_G2_08_04_G2S_08_04_G3_039_02,parent_child,,,G3_039_02,G2S_08_04,G2_08_04,M_G2_08_04_G2S_08_04,,,1,[TEST-ERXOTIN-LARGE] G3_039_02 farzand boglanishi.
PC_M_G2_08_04_G2S_08_04_G3_039_03,parent_child,,,G3_039_03,G2S_08_04,G2_08_04,M_G2_08_04_G2S_08_04,,,1,[TEST-ERXOTIN-LARGE] G3_039_03 farzand boglanishi.
PC_M_G2S_08_05_G2_08_05_G3_040_01,parent_child,,,G3_040_01,G2_08_05,G2S_08_05,M_G2S_08_05_G2_08_05,,,1,[TEST-ERXOTIN-LARGE] G3_040_01 farzand boglanishi.
PC_M_G2S_08_05_G2_08_05_G3_040_02,parent_child,,,G3_040_02,G2_08_05,G2S_08_05,M_G2S_08_05_G2_08_05,,,1,[TEST-ERXOTIN-LARGE] G3_040_02 farzand boglanishi.
PC_M_G2S_08_05_G2_08_05_G3_040_03,parent_child,,,G3_040_03,G2_08_05,G2S_08_05,M_G2S_08_05_G2_08_05,,,1,[TEST-ERXOTIN-LARGE] G3_040_03 farzand boglanishi.
PC_M_G2S_09_01_G2_09_01_G3_041_01,parent_child,,,G3_041_01,G2S_09_01,G2_09_01,M_G2S_09_01_G2_09_01,,,1,[TEST-ERXOTIN-LARGE] G3_041_01 farzand boglanishi.
PC_M_G2S_09_01_G2_09_01_G3_041_02,parent_child,,,G3_041_02,G2S_09_01,G2_09_01,M_G2S_09_01_G2_09_01,,,1,[TEST-ERXOTIN-LARGE] G3_041_02 farzand boglanishi.
PC_M_G2S_09_01_G2_09_01_G3_041_03,parent_child,,,G3_041_03,G2S_09_01,G2_09_01,M_G2S_09_01_G2_09_01,,,1,[TEST-ERXOTIN-LARGE] G3_041_03 farzand boglanishi.
PC_M_G2S_09_02_G2_09_02_G3_042_01,parent_child,,,G3_042_01,G2_09_02,G2S_09_02,M_G2S_09_02_G2_09_02,,,1,[TEST-ERXOTIN-LARGE] G3_042_01 farzand boglanishi.
PC_M_G2S_09_02_G2_09_02_G3_042_02,parent_child,,,G3_042_02,G2_09_02,G2S_09_02,M_G2S_09_02_G2_09_02,,,1,[TEST-ERXOTIN-LARGE] G3_042_02 farzand boglanishi.
PC_M_G2S_09_02_G2_09_02_G3_042_03,parent_child,,,G3_042_03,G2_09_02,G2S_09_02,M_G2S_09_02_G2_09_02,,,1,[TEST-ERXOTIN-LARGE] G3_042_03 farzand boglanishi.
PC_M_G2_09_03_G2S_09_03_G3_043_01,parent_child,,,G3_043_01,G2S_09_03,G2_09_03,M_G2_09_03_G2S_09_03,,,1,[TEST-ERXOTIN-LARGE] G3_043_01 farzand boglanishi.
PC_M_G2_09_03_G2S_09_03_G3_043_02,parent_child,,,G3_043_02,G2S_09_03,G2_09_03,M_G2_09_03_G2S_09_03,,,1,[TEST-ERXOTIN-LARGE] G3_043_02 farzand boglanishi.
PC_M_G2_09_03_G2S_09_03_G3_043_03,parent_child,,,G3_043_03,G2S_09_03,G2_09_03,M_G2_09_03_G2S_09_03,,,1,[TEST-ERXOTIN-LARGE] G3_043_03 farzand boglanishi.
PC_M_G2_09_04_G2S_09_04_G3_044_01,parent_child,,,G3_044_01,G2_09_04,G2S_09_04,M_G2_09_04_G2S_09_04,,,1,[TEST-ERXOTIN-LARGE] G3_044_01 farzand boglanishi.
PC_M_G2_09_04_G2S_09_04_G3_044_02,parent_child,,,G3_044_02,G2_09_04,G2S_09_04,M_G2_09_04_G2S_09_04,,,1,[TEST-ERXOTIN-LARGE] G3_044_02 farzand boglanishi.
PC_M_G2_09_04_G2S_09_04_G3_044_03,parent_child,,,G3_044_03,G2_09_04,G2S_09_04,M_G2_09_04_G2S_09_04,,,1,[TEST-ERXOTIN-LARGE] G3_044_03 farzand boglanishi.
PC_M_G2_09_05_G2S_09_05_G3_045_01,parent_child,,,G3_045_01,G2S_09_05,G2_09_05,M_G2_09_05_G2S_09_05,,,1,[TEST-ERXOTIN-LARGE] G3_045_01 farzand boglanishi.
PC_M_G2_09_05_G2S_09_05_G3_045_02,parent_child,,,G3_045_02,G2S_09_05,G2_09_05,M_G2_09_05_G2S_09_05,,,1,[TEST-ERXOTIN-LARGE] G3_045_02 farzand boglanishi.
PC_M_G2_09_05_G2S_09_05_G3_045_03,parent_child,,,G3_045_03,G2S_09_05,G2_09_05,M_G2_09_05_G2S_09_05,,,1,[TEST-ERXOTIN-LARGE] G3_045_03 farzand boglanishi.
PC_M_G2_10_01_G2S_10_01_G3_046_01,parent_child,,,G3_046_01,G2_10_01,G2S_10_01,M_G2_10_01_G2S_10_01,,,1,[TEST-ERXOTIN-LARGE] G3_046_01 farzand boglanishi.
PC_M_G2_10_01_G2S_10_01_G3_046_02,parent_child,,,G3_046_02,G2_10_01,G2S_10_01,M_G2_10_01_G2S_10_01,,,1,[TEST-ERXOTIN-LARGE] G3_046_02 farzand boglanishi.
PC_M_G2_10_01_G2S_10_01_G3_046_03,parent_child,,,G3_046_03,G2_10_01,G2S_10_01,M_G2_10_01_G2S_10_01,,,1,[TEST-ERXOTIN-LARGE] G3_046_03 farzand boglanishi.
PC_M_G2S_10_02_G2_10_02_G3_047_01,parent_child,,,G3_047_01,G2S_10_02,G2_10_02,M_G2S_10_02_G2_10_02,,,1,[TEST-ERXOTIN-LARGE] G3_047_01 farzand boglanishi.
PC_M_G2S_10_02_G2_10_02_G3_047_02,parent_child,,,G3_047_02,G2S_10_02,G2_10_02,M_G2S_10_02_G2_10_02,,,1,[TEST-ERXOTIN-LARGE] G3_047_02 farzand boglanishi.
PC_M_G2S_10_02_G2_10_02_G3_047_03,parent_child,,,G3_047_03,G2S_10_02,G2_10_02,M_G2S_10_02_G2_10_02,,,1,[TEST-ERXOTIN-LARGE] G3_047_03 farzand boglanishi.
PC_M_G2_10_03_G2S_10_03_G3_048_01,parent_child,,,G3_048_01,G2_10_03,G2S_10_03,M_G2_10_03_G2S_10_03,,,1,[TEST-ERXOTIN-LARGE] G3_048_01 farzand boglanishi.
PC_M_G2_10_03_G2S_10_03_G3_048_02,parent_child,,,G3_048_02,G2_10_03,G2S_10_03,M_G2_10_03_G2S_10_03,,,1,[TEST-ERXOTIN-LARGE] G3_048_02 farzand boglanishi.
PC_M_G2_10_03_G2S_10_03_G3_048_03,parent_child,,,G3_048_03,G2_10_03,G2S_10_03,M_G2_10_03_G2S_10_03,,,1,[TEST-ERXOTIN-LARGE] G3_048_03 farzand boglanishi.
PC_M_G2S_10_04_G2_10_04_G3_049_01,parent_child,,,G3_049_01,G2S_10_04,G2_10_04,M_G2S_10_04_G2_10_04,,,1,[TEST-ERXOTIN-LARGE] G3_049_01 farzand boglanishi.
PC_M_G2S_10_04_G2_10_04_G3_049_02,parent_child,,,G3_049_02,G2S_10_04,G2_10_04,M_G2S_10_04_G2_10_04,,,1,[TEST-ERXOTIN-LARGE] G3_049_02 farzand boglanishi.
PC_M_G2S_10_04_G2_10_04_G3_049_03,parent_child,,,G3_049_03,G2S_10_04,G2_10_04,M_G2S_10_04_G2_10_04,,,1,[TEST-ERXOTIN-LARGE] G3_049_03 farzand boglanishi.
PC_M_G2_10_05_G2S_10_05_G3_050_01,parent_child,,,G3_050_01,G2_10_05,G2S_10_05,M_G2_10_05_G2S_10_05,,,1,[TEST-ERXOTIN-LARGE] G3_050_01 farzand boglanishi.
PC_M_G2_10_05_G2S_10_05_G3_050_02,parent_child,,,G3_050_02,G2_10_05,G2S_10_05,M_G2_10_05_G2S_10_05,,,1,[TEST-ERXOTIN-LARGE] G3_050_02 farzand boglanishi.
PC_M_G2_10_05_G2S_10_05_G3_050_03,parent_child,,,G3_050_03,G2_10_05,G2S_10_05,M_G2_10_05_G2S_10_05,,,1,[TEST-ERXOTIN-LARGE] G3_050_03 farzand boglanishi.
PC_M_G3S_001_02_G3_001_02_G4_001_01,parent_child,,,G4_001_01,G3_001_02,G3S_001_02,M_G3S_001_02_G3_001_02,,,1,[TEST-ERXOTIN-LARGE] G4_001_01 farzand boglanishi.
PC_M_G3S_001_02_G3_001_02_G4_001_02,parent_child,,,G4_001_02,G3_001_02,G3S_001_02,M_G3S_001_02_G3_001_02,,,1,[TEST-ERXOTIN-LARGE] G4_001_02 farzand boglanishi.
PC_M_G3S_002_01_G3_002_01_G4_002_01,parent_child,,,G4_002_01,G3_002_01,G3S_002_01,M_G3S_002_01_G3_002_01,,,1,[TEST-ERXOTIN-LARGE] G4_002_01 farzand boglanishi.
PC_M_G3S_002_01_G3_002_01_G4_002_02,parent_child,,,G4_002_02,G3_002_01,G3S_002_01,M_G3S_002_01_G3_002_01,,,1,[TEST-ERXOTIN-LARGE] G4_002_02 farzand boglanishi.
PC_M_G3_003_03_G3S_003_03_G4_003_01,parent_child,,,G4_003_01,G3S_003_03,G3_003_03,M_G3_003_03_G3S_003_03,,,1,[TEST-ERXOTIN-LARGE] G4_003_01 farzand boglanishi.
PC_M_G3_003_03_G3S_003_03_G4_003_02,parent_child,,,G4_003_02,G3S_003_03,G3_003_03,M_G3_003_03_G3S_003_03,,,1,[TEST-ERXOTIN-LARGE] G4_003_02 farzand boglanishi.
PC_M_G3_004_02_G3S_004_02_G4_004_01,parent_child,,,G4_004_01,G3S_004_02,G3_004_02,M_G3_004_02_G3S_004_02,,,1,[TEST-ERXOTIN-LARGE] G4_004_01 farzand boglanishi.
PC_M_G3_004_02_G3S_004_02_G4_004_02,parent_child,,,G4_004_02,G3S_004_02,G3_004_02,M_G3_004_02_G3S_004_02,,,1,[TEST-ERXOTIN-LARGE] G4_004_02 farzand boglanishi.
PC_M_G3_005_01_G3S_005_01_G4_005_01,parent_child,,,G4_005_01,G3S_005_01,G3_005_01,M_G3_005_01_G3S_005_01,,,1,[TEST-ERXOTIN-LARGE] G4_005_01 farzand boglanishi.
PC_M_G3_005_01_G3S_005_01_G4_005_02,parent_child,,,G4_005_02,G3S_005_01,G3_005_01,M_G3_005_01_G3S_005_01,,,1,[TEST-ERXOTIN-LARGE] G4_005_02 farzand boglanishi.
PC_M_G3_006_03_G3S_006_03_G4_006_01,parent_child,,,G4_006_01,G3_006_03,G3S_006_03,M_G3_006_03_G3S_006_03,,,1,[TEST-ERXOTIN-LARGE] G4_006_01 farzand boglanishi.
PC_M_G3_006_03_G3S_006_03_G4_006_02,parent_child,,,G4_006_02,G3_006_03,G3S_006_03,M_G3_006_03_G3S_006_03,,,1,[TEST-ERXOTIN-LARGE] G4_006_02 farzand boglanishi.
PC_M_G3_007_02_G3S_007_02_G4_007_01,parent_child,,,G4_007_01,G3_007_02,G3S_007_02,M_G3_007_02_G3S_007_02,,,1,[TEST-ERXOTIN-LARGE] G4_007_01 farzand boglanishi.
PC_M_G3_007_02_G3S_007_02_G4_007_02,parent_child,,,G4_007_02,G3_007_02,G3S_007_02,M_G3_007_02_G3S_007_02,,,1,[TEST-ERXOTIN-LARGE] G4_007_02 farzand boglanishi.
PC_M_G3S_008_01_G3_008_01_G4_008_01,parent_child,,,G4_008_01,G3_008_01,G3S_008_01,M_G3S_008_01_G3_008_01,,,1,[TEST-ERXOTIN-LARGE] G4_008_01 farzand boglanishi.
PC_M_G3S_008_01_G3_008_01_G4_008_02,parent_child,,,G4_008_02,G3_008_01,G3S_008_01,M_G3S_008_01_G3_008_01,,,1,[TEST-ERXOTIN-LARGE] G4_008_02 farzand boglanishi.
PC_M_G3_011_01_G3S_011_01_G4_009_01,parent_child,,,G4_009_01,G3S_011_01,G3_011_01,M_G3_011_01_G3S_011_01,,,1,[TEST-ERXOTIN-LARGE] G4_009_01 farzand boglanishi.
PC_M_G3_011_01_G3S_011_01_G4_009_02,parent_child,,,G4_009_02,G3S_011_01,G3_011_01,M_G3_011_01_G3S_011_01,,,1,[TEST-ERXOTIN-LARGE] G4_009_02 farzand boglanishi.
PC_M_G3S_012_03_G3_012_03_G4_010_01,parent_child,,,G4_010_01,G3_012_03,G3S_012_03,M_G3S_012_03_G3_012_03,,,1,[TEST-ERXOTIN-LARGE] G4_010_01 farzand boglanishi.
PC_M_G3S_012_03_G3_012_03_G4_010_02,parent_child,,,G4_010_02,G3_012_03,G3S_012_03,M_G3S_012_03_G3_012_03,,,1,[TEST-ERXOTIN-LARGE] G4_010_02 farzand boglanishi.
PC_M_G3S_013_02_G3_013_02_G4_011_01,parent_child,,,G4_011_01,G3_013_02,G3S_013_02,M_G3S_013_02_G3_013_02,,,1,[TEST-ERXOTIN-LARGE] G4_011_01 farzand boglanishi.
PC_M_G3S_013_02_G3_013_02_G4_011_02,parent_child,,,G4_011_02,G3_013_02,G3S_013_02,M_G3S_013_02_G3_013_02,,,1,[TEST-ERXOTIN-LARGE] G4_011_02 farzand boglanishi.
PC_M_G3_014_01_G3S_014_01_G4_012_01,parent_child,,,G4_012_01,G3_014_01,G3S_014_01,M_G3_014_01_G3S_014_01,,,1,[TEST-ERXOTIN-LARGE] G4_012_01 farzand boglanishi.
PC_M_G3_014_01_G3S_014_01_G4_012_02,parent_child,,,G4_012_02,G3_014_01,G3S_014_01,M_G3_014_01_G3S_014_01,,,1,[TEST-ERXOTIN-LARGE] G4_012_02 farzand boglanishi.
PC_M_G3S_016_02_G3_016_02_G4_013_01,parent_child,,,G4_013_01,G3S_016_02,G3_016_02,M_G3S_016_02_G3_016_02,,,1,[TEST-ERXOTIN-LARGE] G4_013_01 farzand boglanishi.
PC_M_G3S_016_02_G3_016_02_G4_013_02,parent_child,,,G4_013_02,G3S_016_02,G3_016_02,M_G3S_016_02_G3_016_02,,,1,[TEST-ERXOTIN-LARGE] G4_013_02 farzand boglanishi.
PC_M_G3_017_01_G3S_017_01_G4_014_01,parent_child,,,G4_014_01,G3S_017_01,G3_017_01,M_G3_017_01_G3S_017_01,,,1,[TEST-ERXOTIN-LARGE] G4_014_01 farzand boglanishi.
PC_M_G3_017_01_G3S_017_01_G4_014_02,parent_child,,,G4_014_02,G3S_017_01,G3_017_01,M_G3_017_01_G3S_017_01,,,1,[TEST-ERXOTIN-LARGE] G4_014_02 farzand boglanishi.
PC_M_G3_026_01_G3S_026_01_G4_015_01,parent_child,,,G4_015_01,G3_026_01,G3S_026_01,M_G3_026_01_G3S_026_01,,,1,[TEST-ERXOTIN-LARGE] G4_015_01 farzand boglanishi.
PC_M_G3_026_01_G3S_026_01_G4_015_02,parent_child,,,G4_015_02,G3_026_01,G3S_026_01,M_G3_026_01_G3S_026_01,,,1,[TEST-ERXOTIN-LARGE] G4_015_02 farzand boglanishi.
PC_M_G3S_EXTRA_16_G3_001_01_G4_016_01,parent_child,,,G4_016_01,G3S_EXTRA_16,G3_001_01,M_G3S_EXTRA_16_G3_001_01,,,1,[TEST-ERXOTIN-LARGE] G4_016_01 farzand boglanishi.
PC_M_G3S_EXTRA_16_G3_001_01_G4_016_02,parent_child,,,G4_016_02,G3S_EXTRA_16,G3_001_01,M_G3S_EXTRA_16_G3_001_01,,,1,[TEST-ERXOTIN-LARGE] G4_016_02 farzand boglanishi.
PC_M_G3_001_03_G3S_EXTRA_17_G4_017_01,parent_child,,,G4_017_01,G3S_EXTRA_17,G3_001_03,M_G3_001_03_G3S_EXTRA_17,,,1,[TEST-ERXOTIN-LARGE] G4_017_01 farzand boglanishi.
PC_M_G3_001_03_G3S_EXTRA_17_G4_017_02,parent_child,,,G4_017_02,G3S_EXTRA_17,G3_001_03,M_G3_001_03_G3S_EXTRA_17,,,1,[TEST-ERXOTIN-LARGE] G4_017_02 farzand boglanishi.
PC_M_G3S_EXTRA_18_G3_002_02_G4_018_01,parent_child,,,G4_018_01,G3S_EXTRA_18,G3_002_02,M_G3S_EXTRA_18_G3_002_02,,,1,[TEST-ERXOTIN-LARGE] G4_018_01 farzand boglanishi.
PC_M_G3S_EXTRA_18_G3_002_02_G4_018_02,parent_child,,,G4_018_02,G3S_EXTRA_18,G3_002_02,M_G3S_EXTRA_18_G3_002_02,,,1,[TEST-ERXOTIN-LARGE] G4_018_02 farzand boglanishi.
PC_M_G3S_EXTRA_19_G3_002_03_G4_019_01,parent_child,,,G4_019_01,G3_002_03,G3S_EXTRA_19,M_G3S_EXTRA_19_G3_002_03,,,1,[TEST-ERXOTIN-LARGE] G4_019_01 farzand boglanishi.
PC_M_G3S_EXTRA_19_G3_002_03_G4_019_02,parent_child,,,G4_019_02,G3_002_03,G3S_EXTRA_19,M_G3S_EXTRA_19_G3_002_03,,,1,[TEST-ERXOTIN-LARGE] G4_019_02 farzand boglanishi.
PC_M_G3_003_01_G3S_EXTRA_20_G4_020_01,parent_child,,,G4_020_01,G3S_EXTRA_20,G3_003_01,M_G3_003_01_G3S_EXTRA_20,,,1,[TEST-ERXOTIN-LARGE] G4_020_01 farzand boglanishi.
PC_M_G3_003_01_G3S_EXTRA_20_G4_020_02,parent_child,,,G4_020_02,G3S_EXTRA_20,G3_003_01,M_G3_003_01_G3S_EXTRA_20,,,1,[TEST-ERXOTIN-LARGE] G4_020_02 farzand boglanishi.
PC_M_G3S_EXTRA_21_G3_003_02_G4_021_01,parent_child,,,G4_021_01,G3_003_02,G3S_EXTRA_21,M_G3S_EXTRA_21_G3_003_02,,,1,[TEST-ERXOTIN-LARGE] G4_021_01 farzand boglanishi.
PC_M_G3S_EXTRA_21_G3_003_02_G4_021_02,parent_child,,,G4_021_02,G3_003_02,G3S_EXTRA_21,M_G3S_EXTRA_21_G3_003_02,,,1,[TEST-ERXOTIN-LARGE] G4_021_02 farzand boglanishi.
PC_M_G3S_EXTRA_22_G3_004_01_G4_022_01,parent_child,,,G4_022_01,G3_004_01,G3S_EXTRA_22,M_G3S_EXTRA_22_G3_004_01,,,1,[TEST-ERXOTIN-LARGE] G4_022_01 farzand boglanishi.
PC_M_G3S_EXTRA_22_G3_004_01_G4_022_02,parent_child,,,G4_022_02,G3_004_01,G3S_EXTRA_22,M_G3S_EXTRA_22_G3_004_01,,,1,[TEST-ERXOTIN-LARGE] G4_022_02 farzand boglanishi.
PC_M_G3S_EXTRA_23_G3_004_03_G4_023_01,parent_child,,,G4_023_01,G3_004_03,G3S_EXTRA_23,M_G3S_EXTRA_23_G3_004_03,,,1,[TEST-ERXOTIN-LARGE] G4_023_01 farzand boglanishi.
PC_M_G3S_EXTRA_23_G3_004_03_G4_023_02,parent_child,,,G4_023_02,G3_004_03,G3S_EXTRA_23,M_G3S_EXTRA_23_G3_004_03,,,1,[TEST-ERXOTIN-LARGE] G4_023_02 farzand boglanishi.
PC_M_G3S_EXTRA_24_G3_005_02_G4_024_01,parent_child,,,G4_024_01,G3_005_02,G3S_EXTRA_24,M_G3S_EXTRA_24_G3_005_02,,,1,[TEST-ERXOTIN-LARGE] G4_024_01 farzand boglanishi.
PC_M_G3S_EXTRA_24_G3_005_02_G4_024_02,parent_child,,,G4_024_02,G3_005_02,G3S_EXTRA_24,M_G3S_EXTRA_24_G3_005_02,,,1,[TEST-ERXOTIN-LARGE] G4_024_02 farzand boglanishi.
PC_M_G3S_EXTRA_25_G3_006_01_G4_025_01,parent_child,,,G4_025_01,G3_006_01,G3S_EXTRA_25,M_G3S_EXTRA_25_G3_006_01,,,1,[TEST-ERXOTIN-LARGE] G4_025_01 farzand boglanishi.
PC_M_G3S_EXTRA_25_G3_006_01_G4_025_02,parent_child,,,G4_025_02,G3_006_01,G3S_EXTRA_25,M_G3S_EXTRA_25_G3_006_01,,,1,[TEST-ERXOTIN-LARGE] G4_025_02 farzand boglanishi.
PC_M_G3_006_02_G3S_EXTRA_26_G4_026_01,parent_child,,,G4_026_01,G3S_EXTRA_26,G3_006_02,M_G3_006_02_G3S_EXTRA_26,,,1,[TEST-ERXOTIN-LARGE] G4_026_01 farzand boglanishi.
PC_M_G3_006_02_G3S_EXTRA_26_G4_026_02,parent_child,,,G4_026_02,G3S_EXTRA_26,G3_006_02,M_G3_006_02_G3S_EXTRA_26,,,1,[TEST-ERXOTIN-LARGE] G4_026_02 farzand boglanishi.
PC_M_G3S_EXTRA_27_G3_007_01_G4_027_01,parent_child,,,G4_027_01,G3S_EXTRA_27,G3_007_01,M_G3S_EXTRA_27_G3_007_01,,,1,[TEST-ERXOTIN-LARGE] G4_027_01 farzand boglanishi.
PC_M_G3S_EXTRA_27_G3_007_01_G4_027_02,parent_child,,,G4_027_02,G3S_EXTRA_27,G3_007_01,M_G3S_EXTRA_27_G3_007_01,,,1,[TEST-ERXOTIN-LARGE] G4_027_02 farzand boglanishi.
PC_M_G3S_EXTRA_28_G3_007_03_G4_028_01,parent_child,,,G4_028_01,G3S_EXTRA_28,G3_007_03,M_G3S_EXTRA_28_G3_007_03,,,1,[TEST-ERXOTIN-LARGE] G4_028_01 farzand boglanishi.
PC_M_G3S_EXTRA_28_G3_007_03_G4_028_02,parent_child,,,G4_028_02,G3S_EXTRA_28,G3_007_03,M_G3S_EXTRA_28_G3_007_03,,,1,[TEST-ERXOTIN-LARGE] G4_028_02 farzand boglanishi.
PC_M_G3S_EXTRA_29_G3_008_02_G4_029_01,parent_child,,,G4_029_01,G3S_EXTRA_29,G3_008_02,M_G3S_EXTRA_29_G3_008_02,,,1,[TEST-ERXOTIN-LARGE] G4_029_01 farzand boglanishi.
PC_M_G3S_EXTRA_29_G3_008_02_G4_029_02,parent_child,,,G4_029_02,G3S_EXTRA_29,G3_008_02,M_G3S_EXTRA_29_G3_008_02,,,1,[TEST-ERXOTIN-LARGE] G4_029_02 farzand boglanishi.
PC_M_G3S_EXTRA_30_G3_008_03_G4_030_01,parent_child,,,G4_030_01,G3_008_03,G3S_EXTRA_30,M_G3S_EXTRA_30_G3_008_03,,,1,[TEST-ERXOTIN-LARGE] G4_030_01 farzand boglanishi.
PC_M_G3S_EXTRA_30_G3_008_03_G4_030_02,parent_child,,,G4_030_02,G3_008_03,G3S_EXTRA_30,M_G3S_EXTRA_30_G3_008_03,,,1,[TEST-ERXOTIN-LARGE] G4_030_02 farzand boglanishi.
PC_M_G3S_EXTRA_31_G3_009_01_G4_031_01,parent_child,,,G4_031_01,G3S_EXTRA_31,G3_009_01,M_G3S_EXTRA_31_G3_009_01,,,1,[TEST-ERXOTIN-LARGE] G4_031_01 farzand boglanishi.
PC_M_G3S_EXTRA_31_G3_009_01_G4_031_02,parent_child,,,G4_031_02,G3S_EXTRA_31,G3_009_01,M_G3S_EXTRA_31_G3_009_01,,,1,[TEST-ERXOTIN-LARGE] G4_031_02 farzand boglanishi.
PC_M_G3_009_02_G3S_EXTRA_32_G4_032_01,parent_child,,,G4_032_01,G3_009_02,G3S_EXTRA_32,M_G3_009_02_G3S_EXTRA_32,,,1,[TEST-ERXOTIN-LARGE] G4_032_01 farzand boglanishi.
PC_M_G3_009_02_G3S_EXTRA_32_G4_032_02,parent_child,,,G4_032_02,G3_009_02,G3S_EXTRA_32,M_G3_009_02_G3S_EXTRA_32,,,1,[TEST-ERXOTIN-LARGE] G4_032_02 farzand boglanishi.
PC_M_G3S_EXTRA_33_G3_010_01_G4_033_01,parent_child,,,G4_033_01,G3_010_01,G3S_EXTRA_33,M_G3S_EXTRA_33_G3_010_01,,,1,[TEST-ERXOTIN-LARGE] G4_033_01 farzand boglanishi.
PC_M_G3S_EXTRA_33_G3_010_01_G4_033_02,parent_child,,,G4_033_02,G3_010_01,G3S_EXTRA_33,M_G3S_EXTRA_33_G3_010_01,,,1,[TEST-ERXOTIN-LARGE] G4_033_02 farzand boglanishi.
PC_M_G3S_EXTRA_34_G3_011_02_G4_034_01,parent_child,,,G4_034_01,G3_011_02,G3S_EXTRA_34,M_G3S_EXTRA_34_G3_011_02,,,1,[TEST-ERXOTIN-LARGE] G4_034_01 farzand boglanishi.
PC_M_G3S_EXTRA_34_G3_011_02_G4_034_02,parent_child,,,G4_034_02,G3_011_02,G3S_EXTRA_34,M_G3S_EXTRA_34_G3_011_02,,,1,[TEST-ERXOTIN-LARGE] G4_034_02 farzand boglanishi.
PC_M_G3_011_03_G3S_EXTRA_35_G4_035_01,parent_child,,,G4_035_01,G3S_EXTRA_35,G3_011_03,M_G3_011_03_G3S_EXTRA_35,,,1,[TEST-ERXOTIN-LARGE] G4_035_01 farzand boglanishi.
PC_M_G3_011_03_G3S_EXTRA_35_G4_035_02,parent_child,,,G4_035_02,G3S_EXTRA_35,G3_011_03,M_G3_011_03_G3S_EXTRA_35,,,1,[TEST-ERXOTIN-LARGE] G4_035_02 farzand boglanishi.
PC_M_G3S_EXTRA_36_G3_012_01_G4_036_01,parent_child,,,G4_036_01,G3_012_01,G3S_EXTRA_36,M_G3S_EXTRA_36_G3_012_01,,,1,[TEST-ERXOTIN-LARGE] G4_036_01 farzand boglanishi.
PC_M_G3S_EXTRA_36_G3_012_01_G4_036_02,parent_child,,,G4_036_02,G3_012_01,G3S_EXTRA_36,M_G3S_EXTRA_36_G3_012_01,,,1,[TEST-ERXOTIN-LARGE] G4_036_02 farzand boglanishi.
PC_M_G3S_EXTRA_37_G3_012_02_G4_037_01,parent_child,,,G4_037_01,G3S_EXTRA_37,G3_012_02,M_G3S_EXTRA_37_G3_012_02,,,1,[TEST-ERXOTIN-LARGE] G4_037_01 farzand boglanishi.
PC_M_G3S_EXTRA_37_G3_012_02_G4_037_02,parent_child,,,G4_037_02,G3S_EXTRA_37,G3_012_02,M_G3S_EXTRA_37_G3_012_02,,,1,[TEST-ERXOTIN-LARGE] G4_037_02 farzand boglanishi.
PC_M_G3S_EXTRA_38_G3_013_01_G4_038_01,parent_child,,,G4_038_01,G3S_EXTRA_38,G3_013_01,M_G3S_EXTRA_38_G3_013_01,,,1,[TEST-ERXOTIN-LARGE] G4_038_01 farzand boglanishi.
PC_M_G3S_EXTRA_38_G3_013_01_G4_038_02,parent_child,,,G4_038_02,G3S_EXTRA_38,G3_013_01,M_G3S_EXTRA_38_G3_013_01,,,1,[TEST-ERXOTIN-LARGE] G4_038_02 farzand boglanishi.
PC_M_G3S_EXTRA_39_G3_016_01_G4_039_01,parent_child,,,G4_039_01,G3_016_01,G3S_EXTRA_39,M_G3S_EXTRA_39_G3_016_01,,,1,[TEST-ERXOTIN-LARGE] G4_039_01 farzand boglanishi.
PC_M_G3S_EXTRA_39_G3_016_01_G4_039_02,parent_child,,,G4_039_02,G3_016_01,G3S_EXTRA_39,M_G3S_EXTRA_39_G3_016_01,,,1,[TEST-ERXOTIN-LARGE] G4_039_02 farzand boglanishi.
PC_M_G3S_EXTRA_40_G3_016_03_G4_040_01,parent_child,,,G4_040_01,G3_016_03,G3S_EXTRA_40,M_G3S_EXTRA_40_G3_016_03,,,1,[TEST-ERXOTIN-LARGE] G4_040_01 farzand boglanishi.
PC_M_G3S_EXTRA_40_G3_016_03_G4_040_02,parent_child,,,G4_040_02,G3_016_03,G3S_EXTRA_40,M_G3S_EXTRA_40_G3_016_03,,,1,[TEST-ERXOTIN-LARGE] G4_040_02 farzand boglanishi.
PC_M_G3_017_02_G3S_EXTRA_41_G4_041_01,parent_child,,,G4_041_01,G3_017_02,G3S_EXTRA_41,M_G3_017_02_G3S_EXTRA_41,,,1,[TEST-ERXOTIN-LARGE] G4_041_01 farzand boglanishi.
PC_M_G3_017_02_G3S_EXTRA_41_G4_041_02,parent_child,,,G4_041_02,G3_017_02,G3S_EXTRA_41,M_G3_017_02_G3S_EXTRA_41,,,1,[TEST-ERXOTIN-LARGE] G4_041_02 farzand boglanishi.
PC_M_G3_018_01_G3S_EXTRA_42_G4_042_01,parent_child,,,G4_042_01,G3_018_01,G3S_EXTRA_42,M_G3_018_01_G3S_EXTRA_42,,,1,[TEST-ERXOTIN-LARGE] G4_042_01 farzand boglanishi.
PC_M_G3_018_01_G3S_EXTRA_42_G4_042_02,parent_child,,,G4_042_02,G3_018_01,G3S_EXTRA_42,M_G3_018_01_G3S_EXTRA_42,,,1,[TEST-ERXOTIN-LARGE] G4_042_02 farzand boglanishi.
PC_M_G3S_EXTRA_43_G3_021_01_G4_043_01,parent_child,,,G4_043_01,G3S_EXTRA_43,G3_021_01,M_G3S_EXTRA_43_G3_021_01,,,1,[TEST-ERXOTIN-LARGE] G4_043_01 farzand boglanishi.
PC_M_G3S_EXTRA_43_G3_021_01_G4_043_02,parent_child,,,G4_043_02,G3S_EXTRA_43,G3_021_01,M_G3S_EXTRA_43_G3_021_01,,,1,[TEST-ERXOTIN-LARGE] G4_043_02 farzand boglanishi.
PC_M_G3_021_02_G3S_EXTRA_44_G4_044_01,parent_child,,,G4_044_01,G3_021_02,G3S_EXTRA_44,M_G3_021_02_G3S_EXTRA_44,,,1,[TEST-ERXOTIN-LARGE] G4_044_01 farzand boglanishi.
PC_M_G3_021_02_G3S_EXTRA_44_G4_044_02,parent_child,,,G4_044_02,G3_021_02,G3S_EXTRA_44,M_G3_021_02_G3S_EXTRA_44,,,1,[TEST-ERXOTIN-LARGE] G4_044_02 farzand boglanishi.
PC_M_G3S_EXTRA_45_G3_022_01_G4_045_01,parent_child,,,G4_045_01,G3_022_01,G3S_EXTRA_45,M_G3S_EXTRA_45_G3_022_01,,,1,[TEST-ERXOTIN-LARGE] G4_045_01 farzand boglanishi.
PC_M_G3S_EXTRA_45_G3_022_01_G4_045_02,parent_child,,,G4_045_02,G3_022_01,G3S_EXTRA_45,M_G3S_EXTRA_45_G3_022_01,,,1,[TEST-ERXOTIN-LARGE] G4_045_02 farzand boglanishi.
