node_id,uuid,full_name,first_name,last_name,middle_name,gender,birth_date,birth_year,death_date,birth_place,occupation,biography,father_node_id,mother_node_id,spouse_node_ids,confirmed
ROOT_M,e3198e87-e18f-5073-9e11-c37b49e3e475,Boltayev Erixon Ota,Erixon,Boltayev,Ota,M,1925-01-01,1925,,Qoqon,Usta,[TEST-ERXOTIN-LARGE] Katta test shajara uchun suniy yaratilgan profil. Node ID: ROOT_M.,,,ROOT_F,1
ROOT_F,1d2d968c-7850-5dc7-b1ab-0ba4367c88aa,Boltayeva Zuhra Ona,Zuhra,Boltayeva,Ona,F,1928-02-02,1928,,Qoqon,Uy bekasi,[TEST-ERXOTIN-LARGE] Katta test shajara uchun suniy yaratilgan profil. Node ID: ROOT_F.,,,ROOT_M,1
G1_01,c25f89ac-03bc-5e5e-96ff-5d5ea767f86a,Boltayev Abdulloh,Abdulloh,Boltayev,,M,1950-03-03,1950,,Fargona,Shifokor,[TEST-ERXOTIN-LARGE] Katta test shajara uchun suniy yaratilgan profil. Node ID: G1_01.,ROOT_M,ROOT_F,G1S_01,1
G1S_01,5edbebde-0c37-5300-a11f-872fd6b86137,Karimova Sevara,Sevara,Karimova,,F,1952-04-04,1952,,Andijon,Tadbirkor,[TEST-ERXOTIN-LARGE] Katta test shajara uchun suniy yaratilgan profil. Node ID: G1S_01.,,,G1_01,1
G1_02,d0f85ff0-3614-596c-8161-cab5fb932c26,Boltayeva Malika,Malika,Boltayeva,,F,1952-05-05,1952,,Margilon,Dasturchi,[TEST-ERXOTIN-LARGE] Katta test shajara uchun suniy yaratilgan profil. Node ID: G1_02.,ROOT_M,ROOT_F,G1S_02,1
G1S_02,171a83cb-ca7d-5c47-818f-863f13bb2c24,Sobirov Sardor,Sardor,Sobirov,,M,1954-06-06,1954,,Namangan,Agronom,[TEST-ERXOTIN-LARGE] Katta test shajara uchun suniy yaratilgan profil. Node ID: G1S_02.,,,G1_02,1
G1_03,08ef6e4a-5b5d-5b43-9c7d-1d11822cb7e5,Boltayev Javlon,Javlon,Boltayev,,M,1954-07-07,1954,,Toshkent,Usta,[TEST-ERXOTIN-LARGE] Katta test shajara uchun suniy yaratilgan profil. Node ID: G1_03.,ROOT_M,ROOT_F,G1S_03,1
G1S_03,60b7deb2-c477-5811-b0df-2cad7a32b2de,Murodova Rayhona,Rayhona,Murodova,,F,1956-08-08,1956,,Samarqand,Talaba,[TEST-ERXOTIN-LARGE] Katta test shajara uchun suniy yaratilgan profil. Node ID: G1S_03.,,,G1_03,1
G1_04,65391c94-c136-53b4-9c8e-cbff6861e14b,Boltayeva Nargiza,Nargiza,Boltayeva,,F,1956-09-09,1956,,Andijon,Hisobchi,[TEST-ERXOTIN-LARGE] Katta test shajara uchun suniy yaratilgan profil. Node ID: G1_04.,ROOT_M,ROOT_F,G1S_04,1
G1S_04,e09c46c6-8eec-5254-8c5d-f46d7c9518ae,Nurmatov Sanjar,Sanjar,Nurmatov,,M,1958-10-10,1958,,Buxoro,Huquqshunos,[TEST-ERXOTIN-LARGE] Katta test shajara uchun suniy yaratilgan profil. Node ID: G1S_04.,,,G1_04,1
G1_05,28f49af4-577e-5282-8822-0ba1a44c77fc,Boltayev Ulugbek,Ulugbek,Boltayev,,M,1958-11-11,1958,,Namangan,Haydovchi,[TEST-ERXOTIN-LARGE] Katta test shajara uchun suniy yaratilgan profil. Node ID: G1_05.,ROOT_M,ROOT_F,G1S_05,1
G1S_05,d096a2cf-37fa-5cdf-9031-95560e9f1f41,Qodirova Feruza,Feruza,Qodirova,,F,1960-12-12,1960,,Termiz,Oqituvchi,[TEST-ERXOTIN-LARGE] Katta test shajara uchun suniy yaratilgan profil. Node ID: G1S_05.,,,G1_05,1
G1_06,30239a75-d373-51b3-8529-a2531b6eb9d3,Boltayeva Madina,Madina,Boltayeva,,F,1960-01-13,1960,,Samarqand,Muhandis,[TEST-ERXOTIN-LARGE] Katta test shajara uchun suniy yaratilgan profil. Node ID: G1_06.,ROOT_M,ROOT_F,G1S_06,1
G1S_06,d880eeeb-d4e4-59e1-8a93-fd885e7b68d4,Yusupov Shahzod,Shahzod,Yusupov,,M,1962-02-14,1962,,Guliston,Shifokor,[TEST-ERXOTIN-LARGE] Katta test shajara uchun suniy yaratilgan profil. Node ID: G1S_06.,,,G1_06,1
G1_07,e84fadfb-f218-5a6a-8a31-a7c67117622d,Boltayev Jasurbek,Jasurbek,Boltayev,,M,1962-03-15,1962,,Buxoro,Tadbirkor,[TEST-ERXOTIN-LARGE] Katta test shajara uchun suniy yaratilgan profil. Node ID: G1_07.,ROOT_M,ROOT_F,G1S_07,1
G1S_07,130ae2bc-f6bd-506f-921b-cb514c2a1ec3,Tursunova Nozima,Nozima,Tursunova,,F,1964-04-16,1964,,Qoqon,Dasturchi,[TEST-ERXOTIN-LARGE] Katta test shajara uchun suniy yaratilgan profil. Node ID: G1S_07.,,,G1_07,1
G1_08,be918e1a-456f-5a18-ab7e-b666027c5473,Boltayeva Sevara,Sevara,Boltayeva,,F,1964-05-17,1964,,Termiz,Agronom,[TEST-ERXOTIN-LARGE] Katta test shajara uchun suniy yaratilgan profil. Node ID: G1_08.,ROOT_M,ROOT_F,G1S_08,1
G1S_08,550245a0-c26b-5e31-9c17-d5bcdd410c25,Nazarov Farrux,Farrux,Nazarov,,M,1966-06-18,1966,,Fargona,Usta,[TEST-ERXOTIN-LARGE] Katta test shajara uchun suniy yaratilgan profil. Node ID: G1S_08.,,,G1_08,1
G1_09,50952326-ce30-5415-8241-931aaa153355,Boltayev Sardor,Sardor,Boltayev,,M,1966-07-19,1966,,Guliston,Talaba,[TEST-ERXOTIN-LARGE] Katta test shajara uchun suniy yaratilgan profil. Node ID: G1_09.,ROOT_M,ROOT_F,G1S_09,1
G1S_09,4f82085c-b646-5778-bdfc-970acc30768e,Saidova Saida,Saida,Saidova,,F,1968-08-20,1968,,Margilon,Hisobchi,[TEST-ERXOTIN-LARGE] Katta test shajara uchun suniy yaratilgan profil. Node ID: G1S_09.,,,G1_09,1
G1_10,7fae974b-287c-5934-8858-1a6cf0d70789,Boltayeva Rayhona,Rayhona,Boltayeva,,F,1968-09-21,1968,,Qoqon,Huquqshunos,[TEST-ERXOTIN-LARGE] Katta test shajara uchun suniy yaratilgan profil. Node ID: G1_10.,ROOT_M,ROOT_F,G1S_10,1
G1S_10,74ba6b7f-fbeb-5644-b0e3-1d194fb307ec,Erixonov Akmal,Akmal,Erixonov,,M,1970-10-22,1970,,Toshkent,Haydovchi,[TEST-ERXOTIN-LARGE] Katta test shajara uchun suniy yaratilgan profil. Node ID: G1S_10.,,,G1_10,1
G2_01_01,a306d178-90b0-5086-a937-fc82185776d8,Boltayeva Madina,Madina,Boltayeva,,F,1972-11-23,1972,,Margilon,Oqituvchi,[TEST-ERXOTIN-LARGE] Katta test shajara uchun suniy yaratilgan profil. Node ID: G2_01_01.,G1_01,G1S_01,G2S_01_01,1
G2S_01_01,264bbf9b-b62c-5670-b84e-82169fa6061d,Murodov Doston,Doston,Murodov,,M,1973-12-24,1973,,Andijon,Muhandis,[TEST-ERXOTIN-LARGE] Katta test shajara uchun suniy yaratilgan profil. Node ID: G2S_01_01.,,,G2_01_01,1
G2_01_02,53f6c9b6-2808-5772-81eb-69de4fa03601,Boltayev Jasurbek,Jasurbek,Boltayev,,M,1974-01-25,1974,,Toshkent,Shifokor,[TEST-ERXOTIN-LARGE] Katta test shajara uchun suniy yaratilgan profil. Node ID: G2_01_02.,G1_01,G1S_01,G2S_01_02,1
G2S_01_02,4574a4cb-2cc6-585c-be1a-107669caadec,Nurmatova Maftuna,Maftuna,Nurmatova,,F,1975-02-26,1975,,Namangan,Tadbirkor,[TEST-ERXOTIN-LARGE] Katta test shajara uchun suniy yaratilgan profil. Node ID: G2S_01_02.,,,G2_01_02,1
G2_01_03,f1c600b7-b864-5040-9e55-0a695c3eefd6,Boltayeva Sevara,Sevara,Boltayeva,,F,1976-03-27,1976,,Andijon,Dasturchi,[TEST-ERXOTIN-LARGE] Katta test shajara uchun suniy yaratilgan profil. Node ID: G2_01_03.,G1_01,G1S_01,G2S_01_03,1
G2S_01_03,e333ca22-ae87-599e-8709-dab9a5f3f36d,Qodirov Jamshid,Jamshid,Qodirov,,M,1977-04-01,1977,,Samarqand,Agronom,[TEST-ERXOTIN-LARGE] Katta test shajara uchun suniy yaratilgan profil. Node ID: G2S_01_03.,,,G2_01_03,1
G2_01_04,a158efbd-fc74-5b2b-9f6e-75cada8c8c31,Boltayev Sardor,Sardor,Boltayev,,M,1978-05-02,1978,,Namangan,Usta,[TEST-ERXOTIN-LARGE] Katta test shajara uchun suniy yaratilgan profil. Node ID: G2_01_04.,G1_01,G1S_01,G2S_01_04,1
G2S_01_04,0926bbc2-eeb6-5a7e-9c8b-7ba549c5835a,Yusupova Munisa,Munisa,Yusupova,,F,1979-06-03,1979,,Buxoro,Talaba,[TEST-ERXOTIN-LARGE] Katta test shajara uchun suniy yaratilgan profil. Node ID: G2S_01_04.,,,G2_01_04,1
G2_01_05,76536c2c-e53a-59fe-afba-ba61e70b30a3,Boltayeva Rayhona,Rayhona,Boltayeva,,F,1980-07-04,1980,,Samarqand,Hisobchi,[TEST-ERXOTIN-LARGE] Katta test shajara uchun suniy yaratilgan profil. Node ID: G2_01_05.,G1_01,G1S_01,G2S_01_05,1
G2S_01_05,81e64c38-d98d-58a0-b389-b7c5fe949409,Tursunov Oybek,Oybek,Tursunov,,M,1981-08-05,1981,,Termiz,Huquqshunos,[TEST-ERXOTIN-LARGE] Katta test shajara uchun suniy yaratilgan profil. Node ID: G2S_01_05.,,,G2_01_05,1
G2_02_01,fde1fa87-faa3-5325-a13e-1b4e44a2f70e,Rahmonov Sanjar,Sanjar,Rahmonov,,M,1974-09-06,1974,,Toshkent,Haydovchi,[TEST-ERXOTIN-LARGE] Katta test shajara uchun suniy yaratilgan profil. Node ID: G2_02_01.,G1S_02,G1_02,G2S_02_01,1
G2S_02_01,4b6c478f-e69b-50dd-a2b6-1c0e310a9470,Nurmatova Gulnora,Gulnora,Nurmatova,,F,1975-10-07,1975,,Namangan,Oqituvchi,[TEST-ERXOTIN-LARGE] Katta test shajara uchun suniy yaratilgan profil. Node ID: G2S_02_01.,,,G2_02_01,1
G2_02_02,44cadf9e-f333-59af-8747-1eeb27071221,Rahmonova Feruza,Feruza,Rahmonova,,F,1976-11-08,1976,,Andijon,Muhandis,[TEST-ERXOTIN-LARGE] Katta test shajara uchun suniy yaratilgan profil. Node ID: G2_02_02.,G1S_02,G1_02,G2S_02_02,1
G2S_02_02,613a330a-4cd6-5f41-86bb-ddea55a40ffb,Qodirov Dilshod,Dilshod,Qodirov,,M,1977-12-09,1977,,Samarqand,Shifokor,[TEST-ERXOTIN-LARGE] Katta test shajara uchun suniy yaratilgan profil. Node ID: G2S_02_02.,,,G2_02_02,1
G2_02_03,2c74f72d-2612-52f5-aeb9-6e99e6cc7292,Rahmonov Shahzod,Shahzod,Rahmonov,,M,1978-01-10,1978,,Namangan,Tadbirkor,[TEST-ERXOTIN-LARGE] Katta test shajara uchun suniy yaratilgan profil. Node ID: G2_02_03.,G1S_02,G1_02,G2S_02_03,1
G2S_02_03,d1907b9e-6e00-52c6-bb65-4c9e3d336fc8,Yusupova Lola,Lola,Yusupova,,F,1979-02-11,1979,,Buxoro,Dasturchi,[TEST-ERXOTIN-LARGE] Katta test shajara uchun suniy yaratilgan profil. Node ID: G2S_02_03.,,,G2_02_03,1
G2_02_04,8ea3bfbc-2d86-50c9-8b64-53be0323a26a,Rahmonova Nozima,Nozima,Rahmonova,,F,1980-03-12,1980,,Samarqand,Agronom,[TEST-ERXOTIN-LARGE] Katta test shajara uchun suniy yaratilgan profil. Node ID: G2_02_04.,G1S_02,G1_02,G2S_02_04,1
G2S_02_04,bb819d01-ea81-53d0-899b-ca37c4d8019f,Tursunov Nodir,Nodir,Tursunov,,M,1981-04-13,1981,,Termiz,Usta,[TEST-ERXOTIN-LARGE] Katta test shajara uchun suniy yaratilgan profil. Node ID: G2S_02_04.,,,G2_02_04,1
G2_02_05,7d9f3c45-569e-58f7-a3ac-650065f47fea,Rahmonov Farrux,Farrux,Rahmonov,,M,1982-05-14,1982,,Buxoro,Talaba,[TEST-ERXOTIN-LARGE] Katta test shajara uchun suniy yaratilgan profil. Node ID: G2_02_05.,G1S_02,G1_02,G2S_02_05,1
G2S_02_05,3bf717ef-8bea-528e-be7f-39c40ac7b2a3,Nazarova Dilorom,Dilorom,Nazarova,,F,1983-06-15,1983,,Guliston,Hisobchi,[TEST-ERXOTIN-LARGE] Katta test shajara uchun suniy yaratilgan profil. Node ID: G2S_02_05.,,,G2_02_05,1
G2_03_01,2666fecc-8dc9-50ea-b274-488f418b7c35,Karimova Saida,Saida,Karimova,,F,1976-07-16,1976,,Andijon,Huquqshunos,[TEST-ERXOTIN-LARGE] Katta test shajara uchun suniy yaratilgan profil. Node ID: G2_03_01.,G1_03,G1S_03,G2S_03_01,1
G2S_03_01,714b65dc-83b4-57f0-aaae-0fa5cd171e1f,Qodirov Komil,Komil,Qodirov,,M,1977-08-17,1977,,Samarqand,Haydovchi,[TEST-ERXOTIN-LARGE] Katta test shajara uchun suniy yaratilgan profil. Node ID: G2S_03_01.,,,G2_03_01,1
G2_03_02,1145926f-7e54-5588-beaf-940f8b3510e1,Karimov Akmal,Akmal,Karimov,,M,1978-09-18,1978,,Namangan,Oqituvchi,[TEST-ERXOTIN-LARGE] Katta test shajara uchun suniy yaratilgan profil. Node ID: G2_03_02.,G1_03,G1S_03,G2S_03_02,1
G2S_03_02,ec564385-a389-5261-83f1-3b0772f723a0,Yusupova Sarvinoz,Sarvinoz,Yusupova,,F,1979-10-19,1979,,Buxoro,Muhandis,[TEST-ERXOTIN-LARGE] Katta test shajara uchun suniy yaratilgan profil. Node ID: G2S_03_02.,,,G2_03_02,1
G2_03_03,1e8265b0-26a0-5d5a-bf46-9e3b160acc56,Karimova Aziza,Aziza,Karimova,,F,1980-11-20,1980,,Samarqand,Shifokor,[TEST-ERXOTIN-LARGE] Katta test shajara uchun suniy yaratilgan profil. Node ID: G2_03_03.,G1_03,G1S_03,G2S_03_03,1
G2S_03_03,5b3ecec6-1c97-55d0-9241-0c8903e544ad,Tursunov Asadbek,Asadbek,Tursunov,,M,1981-12-21,1981,,Termiz,Tadbirkor,[TEST-ERXOTIN-LARGE] Katta test shajara uchun suniy yaratilgan profil. Node ID: G2S_03_03.,,,G2_03_03,1
G2_03_04,8e4a37ed-6f14-56d6-b518-84ae1bc48c1a,Karimov Rustam,Rustam,Karimov,,M,1982-01-22,1982,,Buxoro,Dasturchi,[TEST-ERXOTIN-LARGE] Katta test shajara uchun suniy yaratilgan profil. Node ID: G2_03_04.,G1_03,G1S_03,G2S_03_04,1
G2S_03_04,9b1c0b0b-aebe-53e8-9275-d911813ea1b0,Nazarova Iroda,Iroda,Nazarova,,F,1983-02-23,1983,,Guliston,Agronom,[TEST-ERXOTIN-LARGE] Katta test shajara uchun suniy yaratilgan profil. Node ID: G2S_03_04.,,,G2_03_04,1
G2_03_05,7af8c103-15ff-5d20-8436-0c69edc1d78c,Karimova Shohista,Shohista,Karimova,,F,1984-03-24,1984,,Termiz,Usta,[TEST-ERXOTIN-LARGE] Katta test shajara uchun suniy yaratilgan profil. Node ID: G2_03_05.,G1_03,G1S_03,G2S_03_05,1
G2S_03_05,810a8597-867a-5f89-a5f0-cc4d2dab67db,Saidov Temurbek,Temurbek,Saidov,,M,1985-04-25,1985,,Qoqon,Talaba,[TEST-ERXOTIN-LARGE] Katta test shajara uchun suniy yaratilgan profil. Node ID: G2S_03_05.,,,G2_03_05,1
G2_04_01,f84c204c-5a73-5325-adf4-d5309824e223,Sobirov Otabek,Otabek,Sobirov,,M,1978-05-26,1978,,Namangan,Hisobchi,[TEST-ERXOTIN-LARGE] Katta test shajara uchun suniy yaratilgan profil. Node ID: G2_04_01.,G1S_04,G1_04,G2S_04_01,1
G2S_04_01,560f23bd-3678-5ef1-b894-e409ab0a8fbe,Yusupova Oydin,Oydin,Yusupova,,F,1979-06-27,1979,,Buxoro,Huquqshunos,[TEST-ERXOTIN-LARGE] Katta test shajara uchun suniy yaratilgan profil. Node ID: G2S_04_01.,,,G2_04_01,1
G2_04_02,61397e19-6356-57a3-8909-512ff388139b,Sobirova Ruxshona,Ruxshona,Sobirova,,F,1980-07-01,1980,,Samarqand,Haydovchi,[TEST-ERXOTIN-LARGE] Katta test shajara uchun suniy yaratilgan profil. Node ID: G2_04_02.,G1S_04,G1_04,G2S_04_02,1
G2S_04_02,48d22c53-ec50-5771-9322-73a378076041,Tursunov Erixon,Erixon,Tursunov,,M,1981-08-02,1981,,Termiz,Oqituvchi,[TEST-ERXOTIN-LARGE] Katta test shajara uchun suniy yaratilgan profil. Node ID: G2S_04_02.,,,G2_04_02,1
G2_04_03,07605b30-5dbd-57ff-89ae-715480c3b042,Sobirov Ibrohim,Ibrohim,Sobirov,,M,1982-09-03,1982,,Buxoro,Muhandis,[TEST-ERXOTIN-LARGE] Katta test shajara uchun suniy yaratilgan profil. Node ID: G2_04_03.,G1S_04,G1_04,G2S_04_03,1
G2S_04_03,b1ba9e19-9282-5741-bfe9-2e53155adae9,Nazarova Zuhra,Zuhra,Nazarova,,F,1983-10-04,1983,,Guliston,Shifokor,[TEST-ERXOTIN-LARGE] Katta test shajara uchun suniy yaratilgan profil. Node ID: G2S_04_03.,,,G2_04_03,1
G2_04_04,c814a734-756c-57e9-bac3-eaea88294709,Sobirova Nilufar,Nilufar,Sobirova,,F,1984-11-05,1984,,Termiz,Tadbirkor,[TEST-ERXOTIN-LARGE] Katta test shajara uchun suniy yaratilgan profil. Node ID: G2_04_04.,G1S_04,G1_04,G2S_04_04,1
G2S_04_04,d3cb6a27-dcb5-571f-9232-33fa6d2d016f,Saidov Bekzod,Bekzod,Saidov,,M,1985-12-06,1985,,Qoqon,Dasturchi,[TEST-ERXOTIN-LARGE] Katta test shajara uchun suniy yaratilgan profil. Node ID: G2S_04_04.,,,G2_04_04,1
G2_04_05,0107a98b-39f7-5133-a63e-b5a1192f10ff,Sobirov Firdavs,Firdavs,Sobirov,,M,1986-01-07,1986,,Guliston,Agronom,[TEST-ERXOTIN-LARGE] Katta test shajara uchun suniy yaratilgan profil. Node ID: G2_04_05.,G1S_04,G1_04,G2S_04_05,1
G2S_04_05,1df46052-2770-58a4-b558-79ffbeaff831,Erixonova Gulbahor,Gulbahor,Erixonova,,F,1987-02-08,1987,,Fargona,Usta,[TEST-ERXOTIN-LARGE] Katta test shajara uchun suniy yaratilgan profil. Node ID: G2S_04_05.,,,G2_04_05,1
G2_05_01,1841fa6e-d299-5845-8eea-773d355f2bcf,Murodova Gavhar,Gavhar,Murodova,,F,1980-03-09,1980,,Samarqand,Talaba,[TEST-ERXOTIN-LARGE] Katta test shajara uchun suniy yaratilgan profil. Node ID: G2_05_01.,G1_05,G1S_05,G2S_05_01,1
G2S_05_01,4a8c8912-048f-5e98-9a16-e1f5b0545cc2,Tursunov Azizbek,Azizbek,Tursunov,,M,1981-04-10,1981,,Termiz,Hisobchi,[TEST-ERXOTIN-LARGE] Katta test shajara uchun suniy yaratilgan profil. Node ID: G2S_05_01.,,,G2_05_01,1
G2_05_02,2ea64fbc-f9b8-5cb2-b3d0-4da484e7e31d,Murodov Suhrob,Suhrob,Murodov,,M,1982-05-11,1982,,Buxoro,Huquqshunos,[TEST-ERXOTIN-LARGE] Katta test shajara uchun suniy yaratilgan profil. Node ID: G2_05_02.,G1_05,G1S_05,G2S_05_02,1
G2S_05_02,515f7e91-9c08-5199-9c5a-346d8385a81a,Nazarova Shahnoza,Shahnoza,Nazarova,,F,1983-06-12,1983,,Guliston,Haydovchi,[TEST-ERXOTIN-LARGE] Katta test shajara uchun suniy yaratilgan profil. Node ID: G2S_05_02.,,,G2_05_02,1
G2_05_03,8dc34afc-a2e7-53de-bf5e-b20e4e7d9f4f,Murodova Zarnigor,Zarnigor,Murodova,,F,1984-07-13,1984,,Termiz,Oqituvchi,[TEST-ERXOTIN-LARGE] Katta test shajara uchun suniy yaratilgan profil. Node ID: G2_05_03.,G1_05,G1S_05,G2S_05_03,1
G2S_05_03,d4e0030d-5f7a-52d1-81ed-d1a0b10c079c,Saidov Doston,Doston,Saidov,,M,1985-08-14,1985,,Qoqon,Muhandis,[TEST-ERXOTIN-LARGE] Katta test shajara uchun suniy yaratilgan profil. Node ID: G2S_05_03.,,,G2_05_03,1
G2_05_04,bdbffe04-a949-5781-8f24-acd236223f72,Murodov Behruz,Behruz,Murodov,,M,1986-09-15,1986,,Guliston,Shifokor,[TEST-ERXOTIN-LARGE] Katta test shajara uchun suniy yaratilgan profil. Node ID: G2_05_04.,G1_05,G1S_05,G2S_05_04,1
G2S_05_04,47cbb529-aebb-5338-83e3-28abde356701,Erixonova Maftuna,Maftuna,Erixonova,,F,1987-10-16,1987,,Fargona,Tadbirkor,[TEST-ERXOTIN-LARGE] Katta test shajara uchun suniy yaratilgan profil. Node ID: G2S_05_04.,,,G2_05_04,1
G2_05_05,8021b696-cc6f-58d3-9a91-153bd73b0bd4,Murodova Mohinur,Mohinur,Murodova,,F,1988-11-17,1988,,Qoqon,Dasturchi,[TEST-ERXOTIN-LARGE] Katta test shajara uchun suniy yaratilgan profil. Node ID: G2_05_05.,G1_05,G1S_05,G2S_05_05,1
G2S_05_05,fbcc2fac-1f55-582f-ad47-eff92245cc23,Boltayev Jamshid,Jamshid,Boltayev,,M,1989-12-18,1989,,Margilon,Agronom,[TEST-ERXOTIN-LARGE] Katta test shajara uchun suniy yaratilgan profil. Node ID: G2S_05_05.,,,G2_05_05,1
G2_06_01,ccf0dc6c-41c5-592f-8c7e-e2fc640ce7d5,Nurmatov Abdulloh,Abdulloh,Nurmatov,,M,1982-01-19,1982,,Buxoro,Usta,[TEST-ERXOTIN-LARGE] Katta test shajara uchun suniy yaratilgan profil. Node ID: G2_06_01.,G1S_06,G1_06,G2S_06_01,1
G2S_06_01,80f3c109-174d-5374-a221-92e5fcf32ccf,Nazarova Zilola,Zilola,Nazarova,,F,1983-02-20,1983,,Guliston,Talaba,[TEST-ERXOTIN-LARGE] Katta test shajara uchun suniy yaratilgan profil. Node ID: G2S_06_01.,,,G2_06_01,1
G2_06_02,f9e09d52-89f3-50e1-8b31-1192ef95eca8,Nurmatova Malika,Malika,Nurmatova,,F,1984-03-21,1984,,Termiz,Hisobchi,[TEST-ERXOTIN-LARGE] Katta test shajara uchun suniy yaratilgan profil. Node ID: G2_06_02.,G1S_06,G1_06,G2S_06_02,1
G2S_06_02,ea5a091d-c950-596b-9d98-193cbd34a8aa,Saidov Murod,Murod,Saidov,,M,1985-04-22,1985,,Qoqon,Huquqshunos,[TEST-ERXOTIN-LARGE] Katta test shajara uchun suniy yaratilgan profil. Node ID: G2S_06_02.,,,G2_06_02,1
G2_06_03,f3218d6c-ef56-5762-a653-0d5dff148796,Nurmatov Javlon,Javlon,Nurmatov,,M,1986-05-23,1986,,Guliston,Haydovchi,[TEST-ERXOTIN-LARGE] Katta test shajara uchun suniy yaratilgan profil. Node ID: G2_06_03.,G1S_06,G1_06,G2S_06_03,1
G2S_06_03,950e0b66-c64a-5583-bded-04ceed523552,Erixonova Gulnora,Gulnora,Erixonova,,F,1987-06-24,1987,,Fargona,Oqituvchi,[TEST-ERXOTIN-LARGE] Katta test shajara uchun suniy yaratilgan profil. Node ID: G2S_06_03.,,,G2_06_03,1
G2_06_04,36baac54-c888-57f8-b576-d21ae8d22bc9,Nurmatova Nargiza,Nargiza,Nurmatova,,F,1988-07-25,1988,,Qoqon,Muhandis,[TEST-ERXOTIN-LARGE] Katta test shajara uchun suniy yaratilgan profil. Node ID: G2_06_04.,G1S_06,G1_06,G2S_06_04,1
G2S_06_04,5507fad0-10ee-5f54-9648-37a79eaf81b5,Boltayev Dilshod,Dilshod,Boltayev,,M,1989-08-26,1989,,Margilon,Shifokor,[TEST-ERXOTIN-LARGE] Katta test shajara uchun suniy yaratilgan profil. Node ID: G2S_06_04.,,,G2_06_04,1
G2_06_05,a7a1043e-59a2-5f3c-a6ab-ff1944f6f71b,Nurmatov Ulugbek,Ulugbek,Nurmatov,,M,1990-09-27,1990,,Fargona,Tadbirkor,[TEST-ERXOTIN-LARGE] Katta test shajara uchun suniy yaratilgan profil. Node ID: G2_06_05.,G1S_06,G1_06,G2S_06_05,1
G2S_06_05,9b970743-875e-5df4-8db1-79d98e03ceb4,Rahmonova Lola,Lola,Rahmonova,,F,1991-10-01,1991,,Toshkent,Dasturchi,[TEST-ERXOTIN-LARGE] Katta test shajara uchun suniy yaratilgan profil. Node ID: G2S_06_05.,,,G2_06_05,1
G2_07_01,17ca0c45-acd7-5c7f-8525-12d6d0a1502f,Qodirova Madina,Madina,Qodirova,,F,1984-11-02,1984,,Termiz,Agronom,[TEST-ERXOTIN-LARGE] Katta test shajara uchun suniy yaratilgan profil. Node ID: G2_07_01.,G1_07,G1S_07,G2S_07_01,1
G2S_07_01,14400fa5-b257-548c-bdb5-305868383ac8,Saidov Sirojiddin,Sirojiddin,Saidov,,M,1985-12-03,1985,,Qoqon,Usta,[TEST-ERXOTIN-LARGE] Katta test shajara uchun suniy yaratilgan profil. Node ID: G2S_07_01.,,,G2_07_01,1
G2_07_02,417050e5-6cf5-5aaa-a8ae-ea3092f9b95c,Qodirov Jasurbek,Jasurbek,Qodirov,,M,1986-01-04,1986,,Guliston,Talaba,[TEST-ERXOTIN-LARGE] Katta test shajara uchun suniy yaratilgan profil. Node ID: G2_07_02.,G1_07,G1S_07,G2S_07_02,1
G2S_07_02,53f6932a-8626-5520-8d86-8ff839036d4d,Erixonova Mubina,Mubina,Erixonova,,F,1987-02-05,1987,,Fargona,Hisobchi,[TEST-ERXOTIN-LARGE] Katta test shajara uchun suniy yaratilgan profil. Node ID: G2S_07_02.,,,G2_07_02,1
G2_07_03,c0795430-bd40-5834-a221-f56b06c3863a,Qodirova Sevara,Sevara,Qodirova,,F,1988-03-06,1988,,Qoqon,Huquqshunos,[TEST-ERXOTIN-LARGE] Katta test shajara uchun suniy yaratilgan profil. Node ID: G2_07_03.,G1_07,G1S_07,G2S_07_03,1
G2S_07_03,d18e3491-ccb2-5593-81e7-c780db309e70,Boltayev Komil,Komil,Boltayev,,M,1989-04-07,1989,,Margilon,Haydovchi,[TEST-ERXOTIN-LARGE] Katta test shajara uchun suniy yaratilgan profil. Node ID: G2S_07_03.,,,G2_07_03,1
G2_07_04,cf283969-fbfb-5907-a7b1-7bc09c1aeb8d,Qodirov Sardor,Sardor,Qodirov,,M,1990-05-08,1990,,Fargona,Oqituvchi,[TEST-ERXOTIN-LARGE] Katta test shajara uchun suniy yaratilgan profil. Node ID: G2_07_04.,G1_07,G1S_07,G2S_07_04,1
G2S_07_04,b9ef0ef9-79eb-54ea-926b-ad498c293455,Rahmonova Sarvinoz,Sarvinoz,Rahmonova,,F,1991-06-09,1991,,Toshkent,Muhandis,[TEST-ERXOTIN-LARGE] Katta test shajara uchun suniy yaratilgan profil. Node ID: G2S_07_04.,,,G2_07_04,1
G2_07_05,b2646ede-a9b1-5e06-aee4-10dda691ec06,Qodirova Rayhona,Rayhona,Qodirova,,F,1992-07-10,1992,,Margilon,Shifokor,[TEST-ERXOTIN-LARGE] Katta test shajara uchun suniy yaratilgan profil. Node ID: G2_07_05.,G1_07,G1S_07,G2S_07_05,1
G2S_07_05,9ea7e310-1983-5639-9025-03d96fce823e,Karimov Asadbek,Asadbek,Karimov,,M,1993-08-11,1993,,Andijon,Tadbirkor,[TEST-ERXOTIN-LARGE] Katta test shajara uchun suniy yaratilgan profil. Node ID: G2S_07_05.,,,G2_07_05,1
G2_08_01,0abeebec-aec9-520b-a501-727127640b69,Yusupov Sanjar,Sanjar,Yusupov,,M,1986-09-12,1986,,Guliston,Dasturchi,[TEST-ERXOTIN-LARGE] Katta test shajara uchun suniy yaratilgan profil. Node ID: G2_08_01.,G1S_08,G1_08,G2S_08_01,1
G2S_08_01,8b575f01-1b6f-5c4a-9e8d-1a6b4b60023c,Erixonova Madinabonu,Madinabonu,Erixonova,,F,1987-10-13,1987,,Fargona,Agronom,[TEST-ERXOTIN-LARGE] Katta test shajara uchun suniy yaratilgan profil. Node ID: G2S_08_01.,,,G2_08_01,1
G2_08_02,01bc4dd8-1343-54a5-a55f-bb57089b7592,Yusupova Feruza,Feruza,Yusupova,,F,1988-11-14,1988,,Qoqon,Usta,[TEST-ERXOTIN-LARGE] Katta test shajara uchun suniy yaratilgan profil. Node ID: G2_08_02.,G1S_08,G1_08,G2S_08_02,1
G2S_08_02,e8a269cd-28b3-5a9e-8533-d1144526013a,Boltayev Zafar,Zafar,Boltayev,,M,1989-12-15,1989,,Margilon,Talaba,[TEST-ERXOTIN-LARGE] Katta test shajara uchun suniy yaratilgan profil. Node ID: G2S_08_02.,,,G2_08_02,1
G2_08_03,397c02ed-a6d3-5b8a-a7f4-f7c609524537,Yusupov Shahzod,Shahzod,Yusupov,,M,1990-01-16,1990,,Fargona,Hisobchi,[TEST-ERXOTIN-LARGE] Katta test shajara uchun suniy yaratilgan profil. Node ID: G2_08_03.,G1S_08,G1_08,G2S_08_03,1
G2S_08_03,1bcca495-604c-5012-81ad-529233e06d39,Rahmonova Oydin,Oydin,Rahmonova,,F,1991-02-17,1991,,Toshkent,Huquqshunos,[TEST-ERXOTIN-LARGE] Katta test shajara uchun suniy yaratilgan profil. Node ID: G2S_08_03.,,,G2_08_03,1
G2_08_04,5563ced4-87c0-5dc4-bb81-12239bd4e94e,Yusupova Nozima,Nozima,Yusupova,,F,1992-03-18,1992,,Margilon,Haydovchi,[TEST-ERXOTIN-LARGE] Katta test shajara uchun suniy yaratilgan profil. Node ID: G2_08_04.,G1S_08,G1_08,G2S_08_04,1
G2S_08_04,97d8fe32-e4f6-5cbf-9b28-5a0d42bf12c1,Karimov Erixon,Erixon,Karimov,,M,1993-04-19,1993,,Andijon,Oqituvchi,[TEST-ERXOTIN-LARGE] Katta test shajara uchun suniy yaratilgan profil. Node ID: G2S_08_04.,,,G2_08_04,1
G2_08_05,e403c04f-ba54-5ca2-bcc2-95c0473c2a87,Yusupov Farrux,Farrux,Yusupov,,M,1994-05-20,1994,,Toshkent,Muhandis,[TEST-ERXOTIN-LARGE] Katta test shajara uchun suniy yaratilgan profil. Node ID: G2_08_05.,G1S_08,G1_08,G2S_08_05,1
G2S_08_05,b35b50a8-eb23-5e75-894c-1fbc4d5e9f00,Sobirova Zuhra,Zuhra,Sobirova,,F,1995-06-21,1995,,Namangan,Shifokor,[TEST-ERXOTIN-LARGE] Katta test shajara uchun suniy yaratilgan profil. Node ID: G2S_08_05.,,,G2_08_05,1
G2_09_01,e7f1b682-5725-5fef-9748-3beb3050066d,Tursunova Saida,Saida,Tursunova,,F,1988-07-22,1988,,Qoqon,Tadbirkor,[TEST-ERXOTIN-LARGE] Katta test shajara uchun suniy yaratilgan profil. Node ID: G2_09_01.,G1_09,G1S_09,G2S_09_01,1
G2S_09_01,31082609-9c49-5846-b231-142ae55b4db7,Boltayev Sherzod,Sherzod,Boltayev,,M,1989-08-23,1989,,Margilon,Dasturchi,[TEST-ERXOTIN-LARGE] Katta test shajara uchun suniy yaratilgan profil. Node ID: G2S_09_01.,,,G2_09_01,1
G2_09_02,44c7ccda-b095-52ff-86e7-a0287c362ae9,Tursunov Akmal,Akmal,Tursunov,,M,1990-09-24,1990,,Fargona,Agronom,[TEST-ERXOTIN-LARGE] Katta test shajara uchun suniy yaratilgan profil. Node ID: G2_09_02.,G1_09,G1S_09,G2S_09_02,1
G2S_09_02,121ee797-2e07-528c-a26e-21bdc86b7be1,Rahmonova Dilnoza,Dilnoza,Rahmonova,,F,1991-10-25,1991,,Toshkent,Usta,[TEST-ERXOTIN-LARGE] Katta test shajara uchun suniy yaratilgan profil. Node ID: G2S_09_02.,,,G2_09_02,1
G2_09_03,4b384f03-3bc1-5221-a9d7-73562ff04e19,Tursunova Aziza,Aziza,Tursunova,,F,1992-11-26,1992,,Margilon,Talaba,[TEST-ERXOTIN-LARGE] Katta test shajara uchun suniy yaratilgan profil. Node ID: G2_09_03.,G1_09,G1S_09,G2S_09_03,1
G2S_09_03,ee93b5ae-b8d1-5def-982c-f634877c3187,Karimov Azizbek,Azizbek,Karimov,,M,1993-12-27,1993,,Andijon,Hisobchi,[TEST-ERXOTIN-LARGE] Katta test shajara uchun suniy yaratilgan profil. Node ID: G2S_09_03.,,,G2_09_03,1
G2_09_04,07ef0833-77a1-5075-bdc9-fce6d6762194,Tursunov Rustam,Rustam,Tursunov,,M,1994-01-01,1994,,Toshkent,Huquqshunos,[TEST-ERXOTIN-LARGE] Katta test shajara uchun suniy yaratilgan profil. Node ID: G2_09_04.,G1_09,G1S_09,G2S_09_04,1
G2S_09_04,8990ac50-ae6b-51b3-b244-adc580e63c9a,Sobirova Shahnoza,Shahnoza,Sobirova,,F,1995-02-02,1995,,Namangan,Haydovchi,[TEST-ERXOTIN-LARGE] Katta test shajara uchun suniy yaratilgan profil. Node ID: G2S_09_04.,,,G2_09_04,1
G2_09_05,585c22ef-fc5b-5ee7-9f6d-39693a538c91,Tursunova Shohista,Shohista,Tursunova,,F,1996-03-03,1996,,Andijon,Oqituvchi,[TEST-ERXOTIN-LARGE] Katta test shajara uchun suniy yaratilgan profil. Node ID: G2_09_05.,G1_09,G1S_09,G2S_09_05,1
G2S_09_05,59b118b2-e6aa-5a04-ba2e-676fad60e86b,Murodov Doston,Doston,Murodov,,M,1997-04-04,1997,,Samarqand,Muhandis,[TEST-ERXOTIN-LARGE] Katta test shajara uchun suniy yaratilgan profil. Node ID: G2S_09_05.,,,G2_09_05,1
G2_10_01,3f150b92-fff2-5c44-a0c6-4853f395a231,Nazarov Otabek,Otabek,Nazarov,,M,1990-05-05,1990,,Fargona,Shifokor,[TEST-ERXOTIN-LARGE] Katta test shajara uchun suniy yaratilgan profil. Node ID: G2_10_01.,G1S_10,G1_10,G2S_10_01,1
G2S_10_01,fbc2ca96-af9a-5715-8c24-48db38c47a6f,Rahmonova Munisa,Munisa,Rahmonova,,F,1991-06-06,1991,,Toshkent,Tadbirkor,[TEST-ERXOTIN-LARGE] Katta test shajara uchun suniy yaratilgan profil. Node ID: G2S_10_01.,,,G2_10_01,1
G2_10_02,2f09aa00-c1dd-5d3c-800f-a26f920901d9,Nazarova Ruxshona,Ruxshona,Nazarova,,F,1992-07-07,1992,,Margilon,Dasturchi,[TEST-ERXOTIN-LARGE] Katta test shajara uchun suniy yaratilgan profil. Node ID: G2_10_02.,G1S_10,G1_10,G2S_10_02,1
G2S_10_02,08fe37df-c65b-5b70-9f06-a161caacf079,Karimov Oybek,Oybek,Karimov,,M,1993-08-08,1993,,Andijon,Agronom,[TEST-ERXOTIN-LARGE] Katta test shajara uchun suniy yaratilgan profil. Node ID: G2S_10_02.,,,G2_10_02,1
G2_10_03,d254eb56-e61b-5ebb-93ee-66dc7d682491,Nazarov Ibrohim,Ibrohim,Nazarov,,M,1994-09-09,1994,,Toshkent,Usta,[TEST-ERXOTIN-LARGE] Katta test shajara uchun suniy yaratilgan profil. Node ID: G2_10_03.,G1S_10,G1_10,G2S_10_03,1
G2S_10_03,d98fc909-6b74-5133-a3ef-067e2dd0dd29,Sobirova Zilola,Zilola,Sobirova,,F,1995-10-10,1995,,Namangan,Talaba,[TEST-ERXOTIN-LARGE] Katta test shajara uchun suniy yaratilgan profil. Node ID: G2S_10_03.,,,G2_10_03,1
G2_10_04,6bfcd891-6eb6-5a2c-ad27-535e4fa879d2,Nazarova Nilufar,Nilufar,Nazarova,,F,1996-11-11,1996,,Andijon,Hisobchi,[TEST-ERXOTIN-LARGE] Katta test shajara uchun suniy yaratilgan profil. Node ID: G2_10_04.,G1S_10,G1_10,G2S_10_04,1
G2S_10_04,357c5ae5-abfd-5b59-820b-041227893f71,Murodov Murod,Murod,Murodov,,M,1997-12-12,1997,,Samarqand,Huquqshunos,[TEST-ERXOTIN-LARGE] Katta test shajara uchun suniy yaratilgan profil. Node ID: G2S_10_04.,,,G2_10_04,1
G2_10_05,0d0c3288-6a23-53d8-8622-1415b8d535a4,Nazarov Firdavs,Firdavs,Nazarov,,M,1998-01-13,1998,,Namangan,Haydovchi,[TEST-ERXOTIN-LARGE] Katta test shajara uchun suniy yaratilgan profil. Node ID: G2_10_05.,G1S_10,G1_10,G2S_10_05,1
G2S_10_05,c6acd3a9-756b-5e95-825c-e01524455dca,Nurmatova Gulnora,Gulnora,Nurmatova,,F,1999-02-14,1999,,Buxoro,Oqituvchi,[TEST-ERXOTIN-LARGE] Katta test shajara uchun suniy yaratilgan profil. Node ID: G2S_10_05.,,,G2_10_05,1
G3_001_01,6a6b93cc-e61b-5066-9451-0a942b6ea5f7,Boltayeva Nargiza,Nargiza,Boltayeva,,F,1994-03-15,1994,,Margilon,Muhandis,[TEST-ERXOTIN-LARGE] Katta test shajara uchun suniy yaratilgan profil. Node ID: G3_001_01.,G2S_01_01,G2_01_01,G3S_EXTRA_16,1
G3_001_02,9b41e5b9-8d50-5c0e-a301-23f47fc6f803,Boltayev Jasurbek,Jasurbek,Boltayev,,M,1996-04-16,1996,,Toshkent,Shifokor,[TEST-ERXOTIN-LARGE] Katta test shajara uchun suniy yaratilgan profil. Node ID: G3_001_02.,G2S_01_01,G2_01_01,G3S_001_02,1
G3S_001_02,4ffdcad6-d884-5ccf-acb2-673e447d254e,Yusupova Nozima,Nozima,Yusupova,,F,1997-05-17,1997,,Samarqand,Tadbirkor,[TEST-ERXOTIN-LARGE] Katta test shajara uchun suniy yaratilgan profil. Node ID: G3S_001_02.,,,G3_001_02,1
G3_001_03,4a55e797-59a0-5245-a274-12c185dcbf47,Boltayeva Rayhona,Rayhona,Boltayeva,,F,1998-06-18,1998,,Andijon,Dasturchi,[TEST-ERXOTIN-LARGE] Katta test shajara uchun suniy yaratilgan profil. Node ID: G3_001_03.,G2S_01_01,G2_01_01,G3S_EXTRA_17,1
G3_002_01,ef774170-9680-58f1-af5a-29ed9fd5829a,Rahmonov Ulugbek,Ulugbek,Rahmonov,,M,1996-07-19,1996,,Toshkent,Agronom,[TEST-ERXOTIN-LARGE] Katta test shajara uchun suniy yaratilgan profil. Node ID: G3_002_01.,G2_01_02,G2S_01_02,G3S_002_01,1
G3S_002_01,4f224c4d-57ec-5953-a7b0-67e21dde065d,Yusupova Nozima,Nozima,Yusupova,,F,1997-08-20,1997,,Samarqand,Usta,[TEST-ERXOTIN-LARGE] Katta test shajara uchun suniy yaratilgan profil. Node ID: G3S_002_01.,,,G3_002_01,1
G3_002_02,ba640526-de32-5c1e-999c-2a90b24d1528,Rahmonova Sevara,Sevara,Rahmonova,,F,1998-09-21,1998,,Andijon,Talaba,[TEST-ERXOTIN-LARGE] Katta test shajara uchun suniy yaratilgan profil. Node ID: G3_002_02.,G2_01_02,G2S_01_02,G3S_EXTRA_18,1
G3_002_03,45598a74-d32d-5184-ab94-f02e6af3526a,Rahmonov Sanjar,Sanjar,Rahmonov,,M,2000-10-22,2000,,Namangan,Hisobchi,[TEST-ERXOTIN-LARGE] Katta test shajara uchun suniy yaratilgan profil. Node ID: G3_002_03.,G2_01_02,G2S_01_02,G3S_EXTRA_19,1
G3_003_01,086bd8b2-1af4-5c34-a40a-e223ec42f98c,Karimova Madina,Madina,Karimova,,F,1998-11-23,1998,,Andijon,Huquqshunos,[TEST-ERXOTIN-LARGE] Katta test shajara uchun suniy yaratilgan profil. Node ID: G3_003_01.,G2S_01_03,G2_01_03,G3S_EXTRA_20,1
G3_003_02,b3eb39f5-7e2c-5c43-abfc-46a21c466753,Karimov Sardor,Sardor,Karimov,,M,2000-12-24,2000,,Namangan,Haydovchi,[TEST-ERXOTIN-LARGE] Katta test shajara uchun suniy yaratilgan profil. Node ID: G3_003_02.,G2S_01_03,G2_01_03,G3S_EXTRA_21,1
G3_003_03,bff21f5e-ba9c-56cc-acd1-5d99b2503708,Karimova Feruza,Feruza,Karimova,,F,2002-01-25,2002,,Samarqand,Oqituvchi,[TEST-ERXOTIN-LARGE] Katta test shajara uchun suniy yaratilgan profil. Node ID: G3_003_03.,G2S_01_03,G2_01_03,G3S_003_03,1
G3S_003_03,e0755768-be9d-5743-aadf-d55f0987404a,Saidov Akmal,Akmal,Saidov,,M,2003-02-26,2003,,Guliston,Muhandis,[TEST-ERXOTIN-LARGE] Katta test shajara uchun suniy yaratilgan profil. Node ID: G3S_003_03.,,,G3_003_03,1
G3_004_01,ee7b367e-e085-5267-9df8-c0b698d46677,Sobirov Jasurbek,Jasurbek,Sobirov,,M,2000-03-27,2000,,Namangan,Shifokor,[TEST-ERXOTIN-LARGE] Katta test shajara uchun suniy yaratilgan profil. Node ID: G3_004_01.,G2_01_04,G2S_01_04,G3S_EXTRA_22,1
G3_004_02,6f7e8fa2-cbd0-5bf1-9b3e-87289c97a82d,Sobirova Rayhona,Rayhona,Sobirova,,F,2002-04-01,2002,,Samarqand,Tadbirkor,[TEST-ERXOTIN-LARGE] Katta test shajara uchun suniy yaratilgan profil. Node ID: G3_004_02.,G2_01_04,G2S_01_04,G3S_004_02,1
G3S_004_02,babe04b4-e1b0-58e8-a113-d07f8264c439,Saidov Akmal,Akmal,Saidov,,M,2003-05-02,2003,,Guliston,Dasturchi,[TEST-ERXOTIN-LARGE] Katta test shajara uchun suniy yaratilgan profil. Node ID: G3S_004_02.,,,G3_004_02,1
G3_004_03,35b76943-ebf8-54a1-8b4f-d3bee55cda0b,Sobirov Shahzod,Shahzod,Sobirov,,M,2004-06-03,2004,,Buxoro,Agronom,[TEST-ERXOTIN-LARGE] Katta test shajara uchun suniy yaratilgan profil. Node ID: G3_004_03.,G2_01_04,G2S_01_04,G3S_EXTRA_23,1
G3_005_01,30cb3252-33ba-5e82-861b-f318580c8af3,Murodova Sevara,Sevara,Murodova,,F,2002-07-04,2002,,Samarqand,Usta,[TEST-ERXOTIN-LARGE] Katta test shajara uchun suniy yaratilgan profil. Node ID: G3_005_01.,G2S_01_05,G2_01_05,G3S_005_01,1
G3S_005_01,bb513982-956e-58e1-9c45-d1d5cfc93e93,Saidov Akmal,Akmal,Saidov,,M,2003-08-05,2003,,Guliston,Talaba,[TEST-ERXOTIN-LARGE] Katta test shajara uchun suniy yaratilgan profil. Node ID: G3S_005_01.,,,G3_005_01,1
G3_005_02,ed278dc3-b13f-53cc-82fd-59b14a0f7e16,Murodov Sanjar,Sanjar,Murodov,,M,2004-09-06,2004,,Buxoro,Hisobchi,[TEST-ERXOTIN-LARGE] Katta test shajara uchun suniy yaratilgan profil. Node ID: G3_005_02.,G2S_01_05,G2_01_05,G3S_EXTRA_24,1
G3_005_03,85f4ad6b-56ee-524f-910d-c136784aa0f7,Murodova Nozima,Nozima,Murodova,,F,2006-10-07,2006,,Termiz,Huquqshunos,[TEST-ERXOTIN-LARGE] Katta test shajara uchun suniy yaratilgan profil. Node ID: G3_005_03.,G2S_01_05,G2_01_05,,1
G3_006_01,abb3a3e2-f134-5029-b066-6d0f8a36b94e,Nurmatov Sardor,Sardor,Nurmatov,,M,1996-11-08,1996,,Buxoro,Haydovchi,[TEST-ERXOTIN-LARGE] Katta test shajara uchun suniy yaratilgan profil. Node ID: G3_006_01.,G2_02_01,G2S_02_01,G3S_EXTRA_25,1
G3_006_02,0e7a1573-0b91-50ea-be07-f1ec212b5b22,Nurmatova Feruza,Feruza,Nurmatova,,F,1998-12-09,1998,,Termiz,Oqituvchi,[TEST-ERXOTIN-LARGE] Katta test shajara uchun suniy yaratilgan profil. Node ID: G3_006_02.,G2_02_01,G2S_02_01,G3S_EXTRA_26,1
G3_006_03,55c3ae39-ba10-5060-ba7c-ee3323a365e9,Nurmatov Farrux,Farrux,Nurmatov,,M,2000-01-10,2000,,Guliston,Muhandis,[TEST-ERXOTIN-LARGE] Katta test shajara uchun suniy yaratilgan profil. Node ID: G3_006_03.,G2_02_01,G2S_02_01,G3S_006_03,1
G3S_006_03,fcbde95e-38e7-5894-8d17-fc80fa353037,Rahmonova Shohista,Shohista,Rahmonova,,F,2001-02-11,2001,,Margilon,Shifokor,[TEST-ERXOTIN-LARGE] Katta test shajara uchun suniy yaratilgan profil. Node ID: G3S_006_03.,,,G3_006_03,1
G3_007_01,6965df72-4744-548b-9700-69f8da23643e,Qodirova Rayhona,Rayhona,Qodirova,,F,1998-03-12,1998,,Termiz,Tadbirkor,[TEST-ERXOTIN-LARGE] Katta test shajara uchun suniy yaratilgan profil. Node ID: G3_007_01.,G2S_02_02,G2_02_02,G3S_EXTRA_27,1
G3_007_02,bc54d8dd-4d80-5fd3-adcd-86ea8b62b51c,Qodirov Shahzod,Shahzod,Qodirov,,M,2000-04-13,2000,,Guliston,Dasturchi,[TEST-ERXOTIN-LARGE] Katta test shajara uchun suniy yaratilgan profil. Node ID: G3_007_02.,G2S_02_02,G2_02_02,G3S_007_02,1
G3S_007_02,c5631107-8e62-5a5c-aca7-1208af599305,Rahmonova Shohista,Shohista,Rahmonova,,F,2001-05-14,2001,,Margilon,Agronom,[TEST-ERXOTIN-LARGE] Katta test shajara uchun suniy yaratilgan profil. Node ID: G3S_007_02.,,,G3_007_02,1
G3_007_03,e28a8e38-94c6-5e1a-b84c-4adee8e9385a,Qodirova Saida,Saida,Qodirova,,F,2002-06-15,2002,,Qoqon,Usta,[TEST-ERXOTIN-LARGE] Katta test shajara uchun suniy yaratilgan profil. Node ID: G3_007_03.,G2S_02_02,G2_02_02,G3S_EXTRA_28,1
G3_008_01,851afc90-b232-51ea-89a7-cf112d320c10,Yusupov Sanjar,Sanjar,Yusupov,,M,2000-07-16,2000,,Guliston,Talaba,[TEST-ERXOTIN-LARGE] Katta test shajara uchun suniy yaratilgan profil. Node ID: G3_008_01.,G2_02_03,G2S_02_03,G3S_008_01,1
G3S_008_01,0161da2f-90d5-5f58-a1d0-29e57045e149,Rahmonova Shohista,Shohista,Rahmonova,,F,2001-08-17,2001,,Margilon,Hisobchi,[TEST-ERXOTIN-LARGE] Katta test shajara uchun suniy yaratilgan profil. Node ID: G3S_008_01.,,,G3_008_01,1
G3_008_02,ce097919-3433-5e5f-9c5d-a67031ba0a48,Yusupova Nozima,Nozima,Yusupova,,F,2002-09-18,2002,,Qoqon,Huquqshunos,[TEST-ERXOTIN-LARGE] Katta test shajara uchun suniy yaratilgan profil. Node ID: G3_008_02.,G2_02_03,G2S_02_03,G3S_EXTRA_29,1
G3_008_03,78d76c49-7147-512b-848d-d8a4ab894156,Yusupov Akmal,Akmal,Yusupov,,M,2004-10-19,2004,,Fargona,Haydovchi,[TEST-ERXOTIN-LARGE] Katta test shajara uchun suniy yaratilgan profil. Node ID: G3_008_03.,G2_02_03,G2S_02_03,G3S_EXTRA_30,1
G3_009_01,f7f93faa-57ba-5e9d-9eba-a10c9f26f713,Tursunova Feruza,Feruza,Tursunova,,F,2002-11-20,2002,,Qoqon,Oqituvchi,[TEST-ERXOTIN-LARGE] Katta test shajara uchun suniy yaratilgan profil. Node ID: G3_009_01.,G2S_02_04,G2_02_04,G3S_EXTRA_31,1
G3_009_02,118b1536-3d97-5b84-8309-59d8d74bbe63,Tursunov Farrux,Farrux,Tursunov,,M,2004-12-21,2004,,Fargona,Muhandis,[TEST-ERXOTIN-LARGE] Katta test shajara uchun suniy yaratilgan profil. Node ID: G3_009_02.,G2S_02_04,G2_02_04,G3S_EXTRA_32,1
G3_009_03,c67d84ee-0b5f-5e4f-a477-bdb5af4ff015,Tursunova Aziza,Aziza,Tursunova,,F,2006-01-22,2006,,Margilon,Shifokor,[TEST-ERXOTIN-LARGE] Katta test shajara uchun suniy yaratilgan profil. Node ID: G3_009_03.,G2S_02_04,G2_02_04,,1
G3_010_01,a510cd40-bb76-5c2a-8f74-221d9d74714a,Nazarov Shahzod,Shahzod,Nazarov,,M,2004-02-23,2004,,Fargona,Tadbirkor,[TEST-ERXOTIN-LARGE] Katta test shajara uchun suniy yaratilgan profil. Node ID: G3_010_01.,G2_02_05,G2S_02_05,G3S_EXTRA_33,1
G3_010_02,1cf140c3-2923-5e4f-b97f-e7516a1eed9d,Nazarova Saida,Saida,Nazarova,,F,2006-03-24,2006,,Margilon,Dasturchi,[TEST-ERXOTIN-LARGE] Katta test shajara uchun suniy yaratilgan profil. Node ID: G3_010_02.,G2_02_05,G2S_02_05,,1
G3_010_03,646830bb-1d17-56e0-a70e-2102d5ba5deb,Nazarov Rustam,Rustam,Nazarov,,M,2008-04-25,2008,,Toshkent,Agronom,[TEST-ERXOTIN-LARGE] Katta test shajara uchun suniy yaratilgan profil. Node ID: G3_010_03.,G2_02_05,G2S_02_05,,1
G3_011_01,c1013509-199f-58ee-9dbc-f4341da44ba3,Saidova Nozima,Nozima,Saidova,,F,1998-05-26,1998,,Margilon,Usta,[TEST-ERXOTIN-LARGE] Katta test shajara uchun suniy yaratilgan profil. Node ID: G3_011_01.,G2S_03_01,G2_03_01,G3S_011_01,1
G3S_011_01,e8b8f6e9-87ad-5b83-b309-883dc87cb1fe,Murodov Ibrohim,Ibrohim,Murodov,,M,1999-06-27,1999,,Namangan,Talaba,[TEST-ERXOTIN-LARGE] Katta test shajara uchun suniy yaratilgan profil. Node ID: G3S_011_01.,,,G3_011_01,1
G3_011_02,f20df1d5-0643-5028-811d-846be9cb1f0a,Saidov Akmal,Akmal,Saidov,,M,2000-07-01,2000,,Toshkent,Hisobchi,[TEST-ERXOTIN-LARGE] Katta test shajara uchun suniy yaratilgan profil. Node ID: G3_011_02.,G2S_03_01,G2_03_01,G3S_EXTRA_34,1
G3_011_03,34c2fcbd-ed25-5ddf-aa6c-ff62837f0755,Saidova Shohista,Shohista,Saidova,,F,2002-08-02,2002,,Andijon,Huquqshunos,[TEST-ERXOTIN-LARGE] Katta test shajara uchun suniy yaratilgan profil. Node ID: G3_011_03.,G2S_03_01,G2_03_01,G3S_EXTRA_35,1
G3_012_01,c71726fd-42fe-55f0-a99c-ea4734190b5e,Erixonov Farrux,Farrux,Erixonov,,M,2000-09-03,2000,,Toshkent,Haydovchi,[TEST-ERXOTIN-LARGE] Katta test shajara uchun suniy yaratilgan profil. Node ID: G3_012_01.,G2_03_02,G2S_03_02,G3S_EXTRA_36,1
G3_012_02,f1ce7c3b-1071-5875-844f-f02f0cc633d1,Erixonova Aziza,Aziza,Erixonova,,F,2002-10-04,2002,,Andijon,Oqituvchi,[TEST-ERXOTIN-LARGE] Katta test shajara uchun suniy yaratilgan profil. Node ID: G3_012_02.,G2_03_02,G2S_03_02,G3S_EXTRA_37,1
G3_012_03,d9f7ae49-1d1a-5ad5-943b-470df93c41dd,Erixonov Otabek,Otabek,Erixonov,,M,2004-11-05,2004,,Namangan,Muhandis,[TEST-ERXOTIN-LARGE] Katta test shajara uchun suniy yaratilgan profil. Node ID: G3_012_03.,G2_03_02,G2S_03_02,G3S_012_03,1
G3S_012_03,a67b380e-2108-5adb-8a2f-3466ffb7b684,Yusupova Gavhar,Gavhar,Yusupova,,F,2005-12-06,2005,,Termiz,Shifokor,[TEST-ERXOTIN-LARGE] Katta test shajara uchun suniy yaratilgan profil. Node ID: G3S_012_03.,,,G3_012_03,1
G3_013_01,eea81899-e118-5943-858a-3425beec76a0,Boltayeva Saida,Saida,Boltayeva,,F,2002-01-07,2002,,Andijon,Tadbirkor,[TEST-ERXOTIN-LARGE] Katta test shajara uchun suniy yaratilgan profil. Node ID: G3_013_01.,G2S_03_03,G2_03_03,G3S_EXTRA_38,1
G3_013_02,fcd2b8df-b8b4-555e-8b9e-d53cfcc1e720,Boltayev Rustam,Rustam,Boltayev,,M,2004-02-08,2004,,Namangan,Dasturchi,[TEST-ERXOTIN-LARGE] Katta test shajara uchun suniy yaratilgan profil. Node ID: G3_013_02.,G2S_03_03,G2_03_03,G3S_013_02,1
G3S_013_02,9134781d-2c27-5fb9-a0a7-45f36de080ad,Yusupova Gavhar,Gavhar,Yusupova,,F,2005-03-09,2005,,Termiz,Agronom,[TEST-ERXOTIN-LARGE] Katta test shajara uchun suniy yaratilgan profil. Node ID: G3S_013_02.,,,G3_013_02,1
G3_013_03,fb33dba7-ba7d-5cd9-ba21-0081d6587a20,Boltayeva Ruxshona,Ruxshona,Boltayeva,,F,2006-04-10,2006,,Samarqand,Usta,[TEST-ERXOTIN-LARGE] Katta test shajara uchun suniy yaratilgan profil. Node ID: G3_013_03.,G2S_03_03,G2_03_03,,1
G3_014_01,719400f3-798e-55a7-a4e4-2b282d933871,Rahmonov Akmal,Akmal,Rahmonov,,M,2004-05-11,2004,,Namangan,Talaba,[TEST-ERXOTIN-LARGE] Katta test shajara uchun suniy yaratilgan profil. Node ID: G3_014_01.,G2_03_04,G2S_03_04,G3S_014_01,1
G3S_014_01,a15d478d-2e9d-56e2-b766-7bf6c28c5f85,Yusupova Gavhar,Gavhar,Yusupova,,F,2005-06-12,2005,,Termiz,Hisobchi,[TEST-ERXOTIN-LARGE] Katta test shajara uchun suniy yaratilgan profil. Node ID: G3S_014_01.,,,G3_014_01,1
G3_014_02,ebc184ba-c0df-569c-9438-eb95501f03ba,Rahmonova Shohista,Shohista,Rahmonova,,F,2006-07-13,2006,,Samarqand,Huquqshunos,[TEST-ERXOTIN-LARGE] Katta test shajara uchun suniy yaratilgan profil. Node ID: G3_014_02.,G2_03_04,G2S_03_04,,1
G3_014_03,2848b061-31bb-5199-b65e-9ada4808f6b5,Rahmonov Ibrohim,Ibrohim,Rahmonov,,M,2008-08-14,2008,,Buxoro,Haydovchi,[TEST-ERXOTIN-LARGE] Katta test shajara uchun suniy yaratilgan profil. Node ID: G3_014_03.,G2_03_04,G2S_03_04,,1
G3_015_01,02d406f9-b0dc-5b7f-a661-480396125e7d,Karimova Aziza,Aziza,Karimova,,F,2006-09-15,2006,,Samarqand,Oqituvchi,[TEST-ERXOTIN-LARGE] Katta test shajara uchun suniy yaratilgan profil. Node ID: G3_015_01.,G2S_03_05,G2_03_05,,1
G3_015_02,5e49f5b9-32e3-5a26-b5d9-db250c6841b7,Karimov Otabek,Otabek,Karimov,,M,2008-10-16,2008,,Buxoro,Muhandis,[TEST-ERXOTIN-LARGE] Katta test shajara uchun suniy yaratilgan profil. Node ID: G3_015_02.,G2S_03_05,G2_03_05,,1
G3_015_03,00fe1ae0-9316-524c-be1f-4fc2ccf351b1,Karimova Nilufar,Nilufar,Karimova,,F,2010-11-17,2010,,Termiz,Shifokor,[TEST-ERXOTIN-LARGE] Katta test shajara uchun suniy yaratilgan profil. Node ID: G3_015_03.,G2S_03_05,G2_03_05,,1
G3_016_01,fa7eaf78-743a-5c09-9afe-f99dbac66c3a,Sobirov Rustam,Rustam,Sobirov,,M,2000-12-18,2000,,Buxoro,Tadbirkor,[TEST-ERXOTIN-LARGE] Katta test shajara uchun suniy yaratilgan profil. Node ID: G3_016_01.,G2_04_01,G2S_04_01,G3S_EXTRA_39,1
G3_016_02,be19fb1c-1e6c-59e7-90d0-480845b30501,Sobirova Ruxshona,Ruxshona,Sobirova,,F,2002-01-19,2002,,Termiz,Dasturchi,[TEST-ERXOTIN-LARGE] Katta test shajara uchun suniy yaratilgan profil. Node ID: G3_016_02.,G2_04_01,G2S_04_01,G3S_016_02,1
G3S_016_02,6d618b1f-683b-589d-b4f6-1b3a473216ad,Saidov Behruz,Behruz,Saidov,,M,2003-02-20,2003,,Fargona,Agronom,[TEST-ERXOTIN-LARGE] Katta test shajara uchun suniy yaratilgan profil. Node ID: G3S_016_02.,,,G3_016_02,1
G3_016_03,2b73f59e-34d4-512c-ae69-317e13a00436,Sobirov Firdavs,Firdavs,Sobirov,,M,2004-03-21,2004,,Guliston,Usta,[TEST-ERXOTIN-LARGE] Katta test shajara uchun suniy yaratilgan profil. Node ID: G3_016_03.,G2_04_01,G2S_04_01,G3S_EXTRA_40,1
G3_017_01,7efa16f0-ec72-52a5-8f3f-cfb7f905a9ad,Murodova Shohista,Shohista,Murodova,,F,2002-04-22,2002,,Termiz,Talaba,[TEST-ERXOTIN-LARGE] Katta test shajara uchun suniy yaratilgan profil. Node ID: G3_017_01.,G2S_04_02,G2_04_02,G3S_017_01,1
G3S_017_01,bfc41d87-7acf-5a98-9cef-d7cc15874898,Saidov Behruz,Behruz,Saidov,,M,2003-05-23,2003,,Fargona,Hisobchi,[TEST-ERXOTIN-LARGE] Katta test shajara uchun suniy yaratilgan profil. Node ID: G3S_017_01.,,,G3_017_01,1
G3_017_02,8d87fc27-90a0-502a-93f6-ba19a66cc772,Murodov Ibrohim,Ibrohim,Murodov,,M,2004-06-24,2004,,Guliston,Huquqshunos,[TEST-ERXOTIN-LARGE] Katta test shajara uchun suniy yaratilgan profil. Node ID: G3_017_02.,G2S_04_02,G2_04_02,G3S_EXTRA_41,1
G3_017_03,4f918608-d195-5f23-be7b-a7e9b0e5fd3b,Murodova Gavhar,Gavhar,Murodova,,F,2006-07-25,2006,,Qoqon,Haydovchi,[TEST-ERXOTIN-LARGE] Katta test shajara uchun suniy yaratilgan profil. Node ID: G3_017_03.,G2S_04_02,G2_04_02,,1
G3_018_01,37358f2c-337b-51ea-9214-35f6a39e3869,Nurmatov Otabek,Otabek,Nurmatov,,M,2004-08-26,2004,,Guliston,Oqituvchi,[TEST-ERXOTIN-LARGE] Katta test shajara uchun suniy yaratilgan profil. Node ID: G3_018_01.,G2_04_03,G2S_04_03,G3S_EXTRA_42,1
G3_018_02,b9011a2f-559c-5ccd-a861-6c4b4902d8ae,Nurmatova Nilufar,Nilufar,Nurmatova,,F,2006-09-27,2006,,Qoqon,Muhandis,[TEST-ERXOTIN-LARGE] Katta test shajara uchun suniy yaratilgan profil. Node ID: G3_018_02.,G2_04_03,G2S_04_03,,1
G3_018_03,d3db9c0f-a427-5166-a3ec-7351cda353e6,Nurmatov Suhrob,Suhrob,Nurmatov,,M,2008-10-01,2008,,Fargona,Shifokor,[TEST-ERXOTIN-LARGE] Katta test shajara uchun suniy yaratilgan profil. Node ID: G3_018_03.,G2_04_03,G2S_04_03,,1
G3_019_01,1b197ff0-de73-5830-b578-2c1e6dbf41f3,Qodirova Ruxshona,Ruxshona,Qodirova,,F,2006-11-02,2006,,Qoqon,Tadbirkor,[TEST-ERXOTIN-LARGE] Katta test shajara uchun suniy yaratilgan profil. Node ID: G3_019_01.,G2S_04_04,G2_04_04,,1
G3_019_02,b28a4bcc-63e8-53b0-8b4d-b77b97beb1c8,Qodirov Firdavs,Firdavs,Qodirov,,M,2008-12-03,2008,,Fargona,Dasturchi,[TEST-ERXOTIN-LARGE] Katta test shajara uchun suniy yaratilgan profil. Node ID: G3_019_02.,G2S_04_04,G2_04_04,,1
G3_019_03,eebec88a-80c9-5247-9214-c1977c54f2d8,Qodirova Zarnigor,Zarnigor,Qodirova,,F,2010-01-04,2010,,Margilon,Agronom,[TEST-ERXOTIN-LARGE] Katta test shajara uchun suniy yaratilgan profil. Node ID: G3_019_03.,G2S_04_04,G2_04_04,,1
G3_020_01,b5d56942-2158-5244-9868-da4465aa2910,Yusupov Ibrohim,Ibrohim,Yusupov,,M,2008-02-05,2008,,Fargona,Usta,[TEST-ERXOTIN-LARGE] Katta test shajara uchun suniy yaratilgan profil. Node ID: G3_020_01.,G2_04_05,G2S_04_05,,1
G3_020_02,a5cda332-353c-5514-9925-a148a92e3e39,Yusupova Gavhar,Gavhar,Yusupova,,F,2010-03-06,2010,,Margilon,Talaba,[TEST-ERXOTIN-LARGE] Katta test shajara uchun suniy yaratilgan profil. Node ID: G3_020_02.,G2_04_05,G2S_04_05,,1
G3_020_03,6b1290b9-6996-543c-a9b8-3ebf8ceeb534,Yusupov Behruz,Behruz,Yusupov,,M,2012-04-07,2012,,Toshkent,Hisobchi,[TEST-ERXOTIN-LARGE] Katta test shajara uchun suniy yaratilgan profil. Node ID: G3_020_03.,G2_04_05,G2S_04_05,,1
G3_021_01,ff5ab70d-8e38-5b05-8d79-fe7343f110de,Tursunova Nilufar,Nilufar,Tursunova,,F,2002-05-08,2002,,Margilon,Huquqshunos,[TEST-ERXOTIN-LARGE] Katta test shajara uchun suniy yaratilgan profil. Node ID: G3_021_01.,G2S_05_01,G2_05_01,G3S_EXTRA_43,1
G3_021_02,6c58bf38-2c75-5cda-80d4-ebf2e7b8f6fc,Tursunov Suhrob,Suhrob,Tursunov,,M,2004-06-09,2004,,Toshkent,Haydovchi,[TEST-ERXOTIN-LARGE] Katta test shajara uchun suniy yaratilgan profil. Node ID: G3_021_02.,G2S_05_01,G2_05_01,G3S_EXTRA_44,1
G3_021_03,d7b181f7-97f7-5216-9238-1f8486579aae,Tursunova Mohinur,Mohinur,Tursunova,,F,2006-07-10,2006,,Andijon,Oqituvchi,[TEST-ERXOTIN-LARGE] Katta test shajara uchun suniy yaratilgan profil. Node ID: G3_021_03.,G2S_05_01,G2_05_01,,1
G3_022_01,4886ac9e-3d46-536b-add8-c0613e40089c,Nazarov Firdavs,Firdavs,Nazarov,,M,2004-08-11,2004,,Toshkent,Muhandis,[TEST-ERXOTIN-LARGE] Katta test shajara uchun suniy yaratilgan profil. Node ID: G3_022_01.,G2_05_02,G2S_05_02,G3S_EXTRA_45,1
G3_022_02,4dc829a5-0bda-573a-8f73-36d082922c3d,Nazarova Zarnigor,Zarnigor,Nazarova,,F,2006-09-12,2006,,Andijon,Shifokor,[TEST-ERXOTIN-LARGE] Katta test shajara uchun suniy yaratilgan profil. Node ID: G3_022_02.,G2_05_02,G2S_05_02,,1
G3_022_03,18a0ddbf-28a2-5708-9a68-69a0721eeea7,Nazarov Abdulloh,Abdulloh,Nazarov,,M,2008-10-13,2008,,Namangan,Tadbirkor,[TEST-ERXOTIN-LARGE] Katta test shajara uchun suniy yaratilgan profil. Node ID: G3_022_03.,G2_05_02,G2S_05_02,,1
G3_023_01,a37e1a92-9966-5f12-8944-e69c71a5103a,Saidova Gavhar,Gavhar,Saidova,,F,2006-11-14,2006,,Andijon,Dasturchi,[TEST-ERXOTIN-LARGE] Katta test shajara uchun suniy yaratilgan profil. Node ID: G3_023_01.,G2S_05_03,G2_05_03,,1
G3_023_02,93206de1-ecb0-5a15-9a80-af6c32070f6f,Saidov Behruz,Behruz,Saidov,,M,2008-12-15,2008,,Namangan,Agronom,[TEST-ERXOTIN-LARGE] Katta test shajara uchun suniy yaratilgan profil. Node ID: G3_023_02.,G2S_05_03,G2_05_03,,1
G3_023_03,668b69d8-520b-531c-b53e-a40552cbb76f,Saidova Malika,Malika,Saidova,,F,2010-01-16,2010,,Samarqand,Usta,[TEST-ERXOTIN-LARGE] Katta test shajara uchun suniy yaratilgan profil. Node ID: G3_023_03.,G2S_05_03,G2_05_03,,1
G3_024_01,dec7b5a2-26fa-534c-8fdd-9663264a6908,Erixonov Suhrob,Suhrob,Erixonov,,M,2008-02-17,2008,,Namangan,Talaba,[TEST-ERXOTIN-LARGE] Katta test shajara uchun suniy yaratilgan profil. Node ID: G3_024_01.,G2_05_04,G2S_05_04,,1
G3_024_02,7794181a-de9a-5c37-a69d-181e77288fa2,Erixonova Mohinur,Mohinur,Erixonova,,F,2010-03-18,2010,,Samarqand,Hisobchi,[TEST-ERXOTIN-LARGE] Katta test shajara uchun suniy yaratilgan profil. Node ID: G3_024_02.,G2_05_04,G2S_05_04,,1
G3_024_03,f96c50f6-f21c-5e98-ab66-25931de90444,Erixonov Javlon,Javlon,Erixonov,,M,2012-04-19,2012,,Buxoro,Huquqshunos,[TEST-ERXOTIN-LARGE] Katta test shajara uchun suniy yaratilgan profil. Node ID: G3_024_03.,G2_05_04,G2S_05_04,,1
G3_025_01,a26130ec-83dc-51ce-96f6-1b2e609010d8,Boltayeva Zarnigor,Zarnigor,Boltayeva,,F,2010-05-20,2010,,Samarqand,Haydovchi,[TEST-ERXOTIN-LARGE] Katta test shajara uchun suniy yaratilgan profil. Node ID: G3_025_01.,G2S_05_05,G2_05_05,,1
G3_025_02,7f140374-53aa-5651-915a-92054a69eab2,Boltayev Abdulloh,Abdulloh,Boltayev,,M,2012-06-21,2012,,Buxoro,Oqituvchi,[TEST-ERXOTIN-LARGE] Katta test shajara uchun suniy yaratilgan profil. Node ID: G3_025_02.,G2S_05_05,G2_05_05,,1
G3_025_03,17441d08-2813-55c3-bd4a-c206bde6d35a,Boltayeva Nargiza,Nargiza,Boltayeva,,F,2014-07-22,2014,,Termiz,Muhandis,[TEST-ERXOTIN-LARGE] Katta test shajara uchun suniy yaratilgan profil. Node ID: G3_025_03.,G2S_05_05,G2_05_05,,1
G3_026_01,32fb326f-c914-57e4-9a79-e8f24e7a7148,Rahmonov Behruz,Behruz,Rahmonov,,M,2004-08-23,2004,,Buxoro,Shifokor,[TEST-ERXOTIN-LARGE] Katta test shajara uchun suniy yaratilgan profil. Node ID: G3_026_01.,G2_06_01,G2S_06_01,G3S_026_01,1
G3S_026_01,7e13eafa-e80b-544f-a37f-e522c8226172,Yusupova Sevara,Sevara,Yusupova,,F,2005-09-24,2005,,Qoqon,Tadbirkor,[TEST-ERXOTIN-LARGE] Katta test shajara uchun suniy yaratilgan profil. Node ID: G3S_026_01.,,,G3_026_01,1
G3_026_02,602da6f4-a43b-54f2-aa65-5b01dfa39e49,Rahmonova Malika,Malika,Rahmonova,,F,2006-10-25,2006,,Termiz,Dasturchi,[TEST-ERXOTIN-LARGE] Katta test shajara uchun suniy yaratilgan profil. Node ID: G3_026_02.,G2_06_01,G2S_06_01,,1
G3_026_03,c4b7a390-495f-5604-89e2-6ec2460fb493,Rahmonov Ulugbek,Ulugbek,Rahmonov,,M,2008-11-26,2008,,Guliston,Agronom,[TEST-ERXOTIN-LARGE] Katta test shajara uchun suniy yaratilgan profil. Node ID: G3_026_03.,G2_06_01,G2S_06_01,,1
G3_027_01,6e17978f-fb0a-552c-9a2b-7c883e7b2ddb,Karimova Mohinur,Mohinur,Karimova,,F,2006-12-27,2006,,Termiz,Usta,[TEST-ERXOTIN-LARGE] Katta test shajara uchun suniy yaratilgan profil. Node ID: G3_027_01.,G2S_06_02,G2_06_02,,1
G3_027_02,b27ccd5a-6375-52b6-b751-b9ed032d7168,Karimov Javlon,Javlon,Karimov,,M,2008-01-01,2008,,Guliston,Talaba,[TEST-ERXOTIN-LARGE] Katta test shajara uchun suniy yaratilgan profil. Node ID: G3_027_02.,G2S_06_02,G2_06_02,,1
G3_027_03,767893e0-563d-54d7-bad6-28e8d16d1b16,Karimova Madina,Madina,Karimova,,F,2010-02-02,2010,,Qoqon,Hisobchi,[TEST-ERXOTIN-LARGE] Katta test shajara uchun suniy yaratilgan profil. Node ID: G3_027_03.,G2S_06_02,G2_06_02,,1
G3_028_01,d5be6d71-141e-599e-80f6-4e7c661f279f,Sobirov Abdulloh,Abdulloh,Sobirov,,M,2008-03-03,2008,,Guliston,Huquqshunos,[TEST-ERXOTIN-LARGE] Katta test shajara uchun suniy yaratilgan profil. Node ID: G3_028_01.,G2_06_03,G2S_06_03,,1
G3_028_02,8c569161-b309-5efc-a5e7-b8ca87fffa34,Sobirova Nargiza,Nargiza,Sobirova,,F,2010-04-04,2010,,Qoqon,Haydovchi,[TEST-ERXOTIN-LARGE] Katta test shajara uchun suniy yaratilgan profil. Node ID: G3_028_02.,G2_06_03,G2S_06_03,,1
G3_028_03,e240105e-759b-592a-bc2f-93394dabbc70,Sobirov Jasurbek,Jasurbek,Sobirov,,M,2012-05-05,2012,,Fargona,Oqituvchi,[TEST-ERXOTIN-LARGE] Katta test shajara uchun suniy yaratilgan profil. Node ID: G3_028_03.,G2_06_03,G2S_06_03,,1
G3_029_01,70b24418-237b-5517-8df1-bd2264c864e8,Murodova Malika,Malika,Murodova,,F,2010-06-06,2010,,Qoqon,Muhandis,[TEST-ERXOTIN-LARGE] Katta test shajara uchun suniy yaratilgan profil. Node ID: G3_029_01.,G2S_06_04,G2_06_04,,1
G3_029_02,12d17c7c-dea1-5055-b70e-75931b5475a5,Murodov Ulugbek,Ulugbek,Murodov,,M,2012-07-07,2012,,Fargona,Shifokor,[TEST-ERXOTIN-LARGE] Katta test shajara uchun suniy yaratilgan profil. Node ID: G3_029_02.,G2S_06_04,G2_06_04,,1
G3_029_03,d80fa955-b6fd-56e4-96fd-de371f60a45d,Murodova Sevara,Sevara,Murodova,,F,2014-08-08,2014,,Margilon,Tadbirkor,[TEST-ERXOTIN-LARGE] Katta test shajara uchun suniy yaratilgan profil. Node ID: G3_029_03.,G2S_06_04,G2_06_04,,1
G3_030_01,ceb37182-aeca-562b-9dc1-6984047f00c6,Nurmatov Javlon,Javlon,Nurmatov,,M,2012-09-09,2012,,Fargona,Dasturchi,[TEST-ERXOTIN-LARGE] Katta test shajara uchun suniy yaratilgan profil. Node ID: G3_030_01.,G2_06_05,G2S_06_05,,1
G3_030_02,ddce01a8-2d27-5ee0-ad7a-ac7f40ccb7cd,Nurmatova Madina,Madina,Nurmatova,,F,2014-10-10,2014,,Margilon,Agronom,[TEST-ERXOTIN-LARGE] Katta test shajara uchun suniy yaratilgan profil. Node ID: G3_030_02.,G2_06_05,G2S_06_05,,1
G3_030_03,8d26fc35-58e5-5cd1-a8a8-034573833e56,Nurmatov Sardor,Sardor,Nurmatov,,M,2016-11-11,2016,,Toshkent,Usta,[TEST-ERXOTIN-LARGE] Katta test shajara uchun suniy yaratilgan profil. Node ID: G3_030_03.,G2_06_05,G2S_06_05,,1
G3_031_01,2cbe3519-0310-529d-a4a5-17bdf6546b4f,Qodirova Nargiza,Nargiza,Qodirova,,F,2006-12-12,2006,,Margilon,Talaba,[TEST-ERXOTIN-LARGE] Katta test shajara uchun suniy yaratilgan profil. Node ID: G3_031_01.,G2S_07_01,G2_07_01,,1
G3_031_02,1936215c-5bb5-5710-bc79-e717c6251116,Qodirov Jasurbek,Jasurbek,Qodirov,,M,2008-01-13,2008,,Toshkent,Hisobchi,[TEST-ERXOTIN-LARGE] Katta test shajara uchun suniy yaratilgan profil. Node ID: G3_031_02.,G2S_07_01,G2_07_01,,1
G3_031_03,66433a0b-9937-58b3-bead-34e894e6dada,Qodirova Rayhona,Rayhona,Qodirova,,F,2010-02-14,2010,,Andijon,Huquqshunos,[TEST-ERXOTIN-LARGE] Katta test shajara uchun suniy yaratilgan profil. Node ID: G3_031_03.,G2S_07_01,G2_07_01,,1
G3_032_01,90e0bfc6-ecfe-5fe1-b2bd-796330085374,Yusupov Ulugbek,Ulugbek,Yusupov,,M,2008-03-15,2008,,Toshkent,Haydovchi,[TEST-ERXOTIN-LARGE] Katta test shajara uchun suniy yaratilgan profil. Node ID: G3_032_01.,G2_07_02,G2S_07_02,,1
G3_032_02,b6ed2b8c-a71f-5fd4-89e2-40988472fad3,Yusupova Sevara,Sevara,Yusupova,,F,2010-04-16,2010,,Andijon,Oqituvchi,[TEST-ERXOTIN-LARGE] Katta test shajara uchun suniy yaratilgan profil. Node ID: G3_032_02.,G2_07_02,G2S_07_02,,1
G3_032_03,0fb19a61-bea1-5169-8e5e-14ced577231c,Yusupov Sanjar,Sanjar,Yusupov,,M,2012-05-17,2012,,Namangan,Muhandis,[TEST-ERXOTIN-LARGE] Katta test shajara uchun suniy yaratilgan profil. Node ID: G3_032_03.,G2_07_02,G2S_07_02,,1
G3_033_01,422c9f32-2e49-5307-be60-9272643b6596,Tursunova Madina,Madina,Tursunova,,F,2010-06-18,2010,,Andijon,Shifokor,[TEST-ERXOTIN-LARGE] Katta test shajara uchun suniy yaratilgan profil. Node ID: G3_033_01.,G2S_07_03,G2_07_03,,1
G3_033_02,406770a6-6292-5f12-a1e5-3c4c9e2096f7,Tursunov Sardor,Sardor,Tursunov,,M,2012-07-19,2012,,Namangan,Tadbirkor,[TEST-ERXOTIN-LARGE] Katta test shajara uchun suniy yaratilgan profil. Node ID: G3_033_02.,G2S_07_03,G2_07_03,,1
G3_033_03,4abc9bf5-c8c7-562f-b533-041cddb1e387,Tursunova Feruza,Feruza,Tursunova,,F,2014-08-20,2014,,Samarqand,Dasturchi,[TEST-ERXOTIN-LARGE] Katta test shajara uchun suniy yaratilgan profil. Node ID: G3_033_03.,G2S_07_03,G2_07_03,,1
G3_034_01,b439ef41-50c5-555e-89f0-8ec5f14afdc0,Nazarov Jasurbek,Jasurbek,Nazarov,,M,2012-09-21,2012,,Namangan,Agronom,[TEST-ERXOTIN-LARGE] Katta test shajara uchun suniy yaratilgan profil. Node ID: G3_034_01.,G2_07_04,G2S_07_04,,1
G3_034_02,966d797b-db21-59bd-aa29-4fba20dfc720,Nazarova Rayhona,Rayhona,Nazarova,,F,2014-10-22,2014,,Samarqand,Usta,[TEST-ERXOTIN-LARGE] Katta test shajara uchun suniy yaratilgan profil. Node ID: G3_034_02.,G2_07_04,G2S_07_04,,1
G3_034_03,ad4e2833-31b7-50d8-aeed-9a8fd3719ede,Nazarov Shahzod,Shahzod,Nazarov,,M,2016-11-23,2016,,Buxoro,Talaba,[TEST-ERXOTIN-LARGE] Katta test shajara uchun suniy yaratilgan profil. Node ID: G3_034_03.,G2_07_04,G2S_07_04,,1
G3_035_01,d18b7918-4338-5dc2-a8a6-c1f82fb9a1fc,Saidova Sevara,Sevara,Saidova,,F,2014-12-24,2014,,Samarqand,Hisobchi,[TEST-ERXOTIN-LARGE] Katta test shajara uchun suniy yaratilgan profil. Node ID: G3_035_01.,G2S_07_05,G2_07_05,,1
G3_035_02,ab08ef50-810d-582b-99f2-5fcef8741aa9,Saidov Sanjar,Sanjar,Saidov,,M,2016-01-25,2016,,Buxoro,Huquqshunos,[TEST-ERXOTIN-LARGE] Katta test shajara uchun suniy yaratilgan profil. Node ID: G3_035_02.,G2S_07_05,G2_07_05,,1
G3_035_03,ecb5b0f2-c628-5f2b-a61b-579b216cb139,Saidova Nozima,Nozima,Saidova,,F,2018-02-26,2018,,Termiz,Haydovchi,[TEST-ERXOTIN-LARGE] Katta test shajara uchun suniy yaratilgan profil. Node ID: G3_035_03.,G2S_07_05,G2_07_05,,1
G3_036_01,bbd37d28-09f2-52c7-85d2-23dfbebf86bf,Erixonov Sardor,Sardor,Erixonov,,M,2008-03-27,2008,,Buxoro,Oqituvchi,[TEST-ERXOTIN-LARGE] Katta test shajara uchun suniy yaratilgan profil. Node ID: G3_036_01.,G2_08_01,G2S_08_01,,1
G3_036_02,9f5ab6ee-7881-5800-a130-7b1f0760e916,Erixonova Feruza,Feruza,Erixonova,,F,2010-04-01,2010,,Termiz,Muhandis,[TEST-ERXOTIN-LARGE] Katta test shajara uchun suniy yaratilgan profil. Node ID: G3_036_02.,G2_08_01,G2S_08_01,,1
G3_036_03,decf3e3a-13e7-5a35-9fea-5fec97d17b89,Erixonov Farrux,Farrux,Erixonov,,M,2012-05-02,2012,,Guliston,Shifokor,[TEST-ERXOTIN-LARGE] Katta test shajara uchun suniy yaratilgan profil. Node ID: G3_036_03.,G2_08_01,G2S_08_01,,1
G3_037_01,3b79e654-8bc1-53be-8380-135822bad826,Boltayeva Rayhona,Rayhona,Boltayeva,,F,2010-06-03,2010,,Termiz,Tadbirkor,[TEST-ERXOTIN-LARGE] Katta test shajara uchun suniy yaratilgan profil. Node ID: G3_037_01.,G2S_08_02,G2_08_02,,1
G3_037_02,41bfebf0-ad61-559c-86e1-08312442fb2d,Boltayev Shahzod,Shahzod,Boltayev,,M,2012-07-04,2012,,Guliston,Dasturchi,[TEST-ERXOTIN-LARGE] Katta test shajara uchun suniy yaratilgan profil. Node ID: G3_037_02.,G2S_08_02,G2_08_02,,1
G3_037_03,f92cf335-af59-59fb-8e8d-57f243ab5c3c,Boltayeva Saida,Saida,Boltayeva,,F,2014-08-05,2014,,Qoqon,Agronom,[TEST-ERXOTIN-LARGE] Katta test shajara uchun suniy yaratilgan profil. Node ID: G3_037_03.,G2S_08_02,G2_08_02,,1
G3_038_01,934932fc-1d06-5c79-b1c9-5cabe756c586,Rahmonov Sanjar,Sanjar,Rahmonov,,M,2012-09-06,2012,,Guliston,Usta,[TEST-ERXOTIN-LARGE] Katta test shajara uchun suniy yaratilgan profil. Node ID: G3_038_01.,G2_08_03,G2S_08_03,,1
G3_038_02,7a556f47-e02f-5de8-9236-4829b311f82e,Rahmonova Nozima,Nozima,Rahmonova,,F,2014-10-07,2014,,Qoqon,Talaba,[TEST-ERXOTIN-LARGE] Katta test shajara uchun suniy yaratilgan profil. Node ID: G3_038_02.,G2_08_03,G2S_08_03,,1
G3_038_03,98c968d5-dd4e-5fbc-b836-f09265654553,Rahmonov Akmal,Akmal,Rahmonov,,M,2016-11-08,2016,,Fargona,Hisobchi,[TEST-ERXOTIN-LARGE] Katta test shajara uchun suniy yaratilgan profil. Node ID: G3_038_03.,G2_08_03,G2S_08_03,,1
G3_039_01,faf23652-40ee-599a-9bf9-2436cc693eb8,Karimova Feruza,Feruza,Karimova,,F,2014-12-09,2014,,Qoqon,Huquqshunos,[TEST-ERXOTIN-LARGE] Katta test shajara uchun suniy yaratilgan profil. Node ID: G3_039_01.,G2S_08_04,G2_08_04,,1
G3_039_02,96c5527e-cf2d-593b-a831-ef02d2e6e6e1,Karimov Farrux,Farrux,Karimov,,M,2016-01-10,2016,,Fargona,Haydovchi,[TEST-ERXOTIN-LARGE] Katta test shajara uchun suniy yaratilgan profil. Node ID: G3_039_02.,G2S_08_04,G2_08_04,,1
G3_039_03,fb9e9a8f-3a90-5cf6-bfb8-b0233599f18c,Karimova Aziza,Aziza,Karimova,,F,2018-02-11,2018,,Margilon,Oqituvchi,[TEST-ERXOTIN-LARGE] Katta test shajara uchun suniy yaratilgan profil. Node ID: G3_039_03.,G2S_08_04,G2_08_04,,1
G3_040_01,9bc59729-0c5c-502b-9e03-1f796006bd4e,Sobirov Shahzod,Shahzod,Sobirov,,M,2016-03-12,2016,,Fargona,Muhandis,[TEST-ERXOTIN-LARGE] Katta test shajara uchun suniy yaratilgan profil. Node ID: G3_040_01.,G2_08_05,G2S_08_05,,1
G3_040_02,949976a3-fcb1-5e09-bab1-69b6068d1dbf,Sobirova Saida,Saida,Sobirova,,F,2018-04-13,2018,,Margilon,Shifokor,[TEST-ERXOTIN-LARGE] Katta test shajara uchun suniy yaratilgan profil. Node ID: G3_040_02.,G2_08_05,G2S_08_05,,1
G3_040_03,549cbf59-0cce-58c1-8162-00790b3129fa,Sobirov Rustam,Rustam,Sobirov,,M,2020-05-14,2020,,Toshkent,Tadbirkor,[TEST-ERXOTIN-LARGE] Katta test shajara uchun suniy yaratilgan profil. Node ID: G3_040_03.,G2_08_05,G2S_08_05,,1
G3_041_01,60c5fa31-5751-5550-83aa-69c1d6fbf279,Murodova Nozima,Nozima,Murodova,,F,2010-06-15,2010,,Margilon,Dasturchi,[TEST-ERXOTIN-LARGE] Katta test shajara uchun suniy yaratilgan profil. Node ID: G3_041_01.,G2S_09_01,G2_09_01,,1
G3_041_02,0cf65f3a-7d47-504e-a496-452d287194ba,Murodov Akmal,Akmal,Murodov,,M,2012-07-16,2012,,Toshkent,Agronom,[TEST-ERXOTIN-LARGE] Katta test shajara uchun suniy yaratilgan profil. Node ID: G3_041_02.,G2S_09_01,G2_09_01,,1
G3_041_03,d569e020-122f-5b3d-ae7a-06ccc2565668,Murodova Shohista,Shohista,Murodova,,F,2014-08-17,2014,,Andijon,Usta,[TEST-ERXOTIN-LARGE] Katta test shajara uchun suniy yaratilgan profil. Node ID: G3_041_03.,G2S_09_01,G2_09_01,,1
G3_042_01,0bdfdd7a-9164-5809-80c9-6b87ec623865,Nurmatov Farrux,Farrux,Nurmatov,,M,2012-09-18,2012,,Toshkent,Talaba,[TEST-ERXOTIN-LARGE] Katta test shajara uchun suniy yaratilgan profil. Node ID: G3_042_01.,G2_09_02,G2S_09_02,,1
G3_042_02,df534eda-b093-5e20-8700-f516e02b7755,Nurmatova Aziza,Aziza,Nurmatova,,F,2014-10-19,2014,,Andijon,Hisobchi,[TEST-ERXOTIN-LARGE] Katta test shajara uchun suniy yaratilgan profil. Node ID: G3_042_02.,G2_09_02,G2S_09_02,,1
G3_042_03,349d2326-2d88-53d2-bf73-c2d32789b8a0,Nurmatov Otabek,Otabek,Nurmatov,,M,2016-11-20,2016,,Namangan,Huquqshunos,[TEST-ERXOTIN-LARGE] Katta test shajara uchun suniy yaratilgan profil. Node ID: G3_042_03.,G2_09_02,G2S_09_02,,1
G3_043_01,2dd7c7ba-dbe3-528f-a748-1d548049059b,Qodirova Saida,Saida,Qodirova,,F,2014-12-21,2014,,Andijon,Haydovchi,[TEST-ERXOTIN-LARGE] Katta test shajara uchun suniy yaratilgan profil. Node ID: G3_043_01.,G2S_09_03,G2_09_03,,1
G3_043_02,96259c8e-2410-5882-8172-9c7c8dc366dd,Qodirov Rustam,Rustam,Qodirov,,M,2016-01-22,2016,,Namangan,Oqituvchi,[TEST-ERXOTIN-LARGE] Katta test shajara uchun suniy yaratilgan profil. Node ID: G3_043_02.,G2S_09_03,G2_09_03,,1
G3_043_03,8f37b8c3-28c0-5ce6-909e-344be5d87276,Qodirova Ruxshona,Ruxshona,Qodirova,,F,2018-02-23,2018,,Samarqand,Muhandis,[TEST-ERXOTIN-LARGE] Katta test shajara uchun suniy yaratilgan profil. Node ID: G3_043_03.,G2S_09_03,G2_09_03,,1
G3_044_01,1a68005b-f7bf-5ee8-8a96-debfc5da04f5,Yusupov Akmal,Akmal,Yusupov,,M,2016-03-24,2016,,Namangan,Shifokor,[TEST-ERXOTIN-LARGE] Katta test shajara uchun suniy yaratilgan profil. Node ID: G3_044_01.,G2_09_04,G2S_09_04,,1
G3_044_02,4dbaeef9-086f-5a73-804b-05eb63459a69,Yusupova Shohista,Shohista,Yusupova,,F,2018-04-25,2018,,Samarqand,Tadbirkor,[TEST-ERXOTIN-LARGE] Katta test shajara uchun suniy yaratilgan profil. Node ID: G3_044_02.,G2_09_04,G2S_09_04,,1
G3_044_03,38323091-20c9-54e6-bd41-9a6203a41948,Yusupov Ibrohim,Ibrohim,Yusupov,,M,2020-05-26,2020,,Buxoro,Dasturchi,[TEST-ERXOTIN-LARGE] Katta test shajara uchun suniy yaratilgan profil. Node ID: G3_044_03.,G2_09_04,G2S_09_04,,1
G3_045_01,39f7b61b-e9b2-526e-8c9b-22f1fc8405d1,Tursunova Aziza,Aziza,Tursunova,,F,2018-06-27,2018,,Samarqand,Agronom,[TEST-ERXOTIN-LARGE] Katta test shajara uchun suniy yaratilgan profil. Node ID: G3_045_01.,G2S_09_05,G2_09_05,,1
G3_045_02,91029450-ab3a-5622-b8f1-f8682f61f6ea,Tursunov Otabek,Otabek,Tursunov,,M,2020-07-01,2020,,Buxoro,Usta,[TEST-ERXOTIN-LARGE] Katta test shajara uchun suniy yaratilgan profil. Node ID: G3_045_02.,G2S_09_05,G2_09_05,,1
G3_045_03,59c64b21-b0f6-5dfd-9906-c3a5316e50d3,Tursunova Nilufar,Nilufar,Tursunova,,F,2022-08-02,2022,,Termiz,Talaba,[TEST-ERXOTIN-LARGE] Katta test shajara uchun suniy yaratilgan profil. Node ID: G3_045_03.,G2S_09_05,G2_09_05,,1
G3_046_01,56cef3c3-f164-5b38-931e-26613d4292f8,Nazarov Rustam,Rustam,Nazarov,,M,2012-09-03,2012,,Buxoro,Hisobchi,[TEST-ERXOTIN-LARGE] Katta test shajara uchun suniy yaratilgan profil. Node ID: G3_046_01.,G2_10_01,G2S_10_01,,1
G3_046_02,c3e37a03-956d-569c-8457-6e2975972bd9,Nazarova Ruxshona,Ruxshona,Nazarova,,F,2014-10-04,2014,,Termiz,Huquqshunos,[TEST-ERXOTIN-LARGE] Katta test shajara uchun suniy yaratilgan profil. Node ID: G3_046_02.,G2_10_01,G2S_10_01,,1
G3_046_03,804e529e-f813-5571-8ccc-0ee7cbcd3192,Nazarov Firdavs,Firdavs,Nazarov,,M,2016-11-05,2016,,Guliston,Haydovchi,[TEST-ERXOTIN-LARGE] Katta test shajara uchun suniy yaratilgan profil. Node ID: G3_046_03.,G2_10_01,G2S_10_01,,1
G3_047_01,e79b3d6e-6670-5c15-b9a4-0edf64a1365f,Saidova Shohista,Shohista,Saidova,,F,2014-12-06,2014,,Termiz,Oqituvchi,[TEST-ERXOTIN-LARGE] Katta test shajara uchun suniy yaratilgan profil. Node ID: G3_047_01.,G2S_10_02,G2_10_02,,1
G3_047_02,ec3b61ff-2114-5f75-86fb-43ae25c78ae7,Saidov Ibrohim,Ibrohim,Saidov,,M,2016-01-07,2016,,Guliston,Muhandis,[TEST-ERXOTIN-LARGE] Katta test shajara uchun suniy yaratilgan profil. Node ID: G3_047_02.,G2S_10_02,G2_10_02,,1
G3_047_03,0a54e1c3-d2f9-5368-a491-34f3f1d28a78,Saidova Gavhar,Gavhar,Saidova,,F,2018-02-08,2018,,Qoqon,Shifokor,[TEST-ERXOTIN-LARGE] Katta test shajara uchun suniy yaratilgan profil. Node ID: G3_047_03.,G2S_10_02,G2_10_02,,1
G3_048_01,5ec51e88-4e6e-52f9-9c61-960c361ace57,Erixonov Otabek,Otabek,Erixonov,,M,2016-03-09,2016,,Guliston,Tadbirkor,[TEST-ERXOTIN-LARGE] Katta test shajara uchun suniy yaratilgan profil. Node ID: G3_048_01.,G2_10_03,G2S_10_03,,1
G3_048_02,f004bb39-0a82-5376-96fe-78008a0e180f,Erixonova Nilufar,Nilufar,Erixonova,,F,2018-04-10,2018,,Qoqon,Dasturchi,[TEST-ERXOTIN-LARGE] Katta test shajara uchun suniy yaratilgan profil. Node ID: G3_048_02.,G2_10_03,G2S_10_03,,1
G3_048_03,5d6681a0-b5db-5ef0-8692-08a05cb73581,Erixonov Suhrob,Suhrob,Erixonov,,M,2020-05-11,2020,,Fargona,Agronom,[TEST-ERXOTIN-LARGE] Katta test shajara uchun suniy yaratilgan profil. Node ID: G3_048_03.,G2_10_03,G2S_10_03,,1
G3_049_01,ee875f2b-4a26-54b5-81fe-a59994c4a170,Boltayeva Ruxshona,Ruxshona,Boltayeva,,F,2018-06-12,2018,,Qoqon,Usta,[TEST-ERXOTIN-LARGE] Katta test shajara uchun suniy yaratilgan profil. Node ID: G3_049_01.,G2S_10_04,G2_10_04,,1
G3_049_02,ab772cf6-09ec-52eb-82ba-b9dad992a46e,Boltayev Firdavs,Firdavs,Boltayev,,M,2020-07-13,2020,,Fargona,Talaba,[TEST-ERXOTIN-LARGE] Katta test shajara uchun suniy yaratilgan profil. Node ID: G3_049_02.,G2S_10_04,G2_10_04,,1
G3_049_03,06ce06d4-09fc-5b0a-a3f7-ad19925bbeff,Boltayeva Zarnigor,Zarnigor,Boltayeva,,F,2022-08-14,2022,,Margilon,Hisobchi,[TEST-ERXOTIN-LARGE] Katta test shajara uchun suniy yaratilgan profil. Node ID: G3_049_03.,G2S_10_04,G2_10_04,,1
G3_050_01,1773b819-c818-52c8-a341-9f8a670d90ac,Rahmonov Ibrohim,Ibrohim,Rahmonov,,M,2020-09-15,2020,,Fargona,Huquqshunos,[TEST-ERXOTIN-LARGE] Katta test shajara uchun suniy yaratilgan profil. Node ID: G3_050_01.,G2_10_05,G2S_10_05,,1
G3_050_02,72fe127e-750d-5cbf-9f36-aa9c5769a75e,Rahmonova Gavhar,Gavhar,Rahmonova,,F,2022-10-16,2022,,Margilon,Haydovchi,[TEST-ERXOTIN-LARGE] Katta test shajara uchun suniy yaratilgan profil. Node ID: G3_050_02.,G2_10_05,G2S_10_05,,1
G3_050_03,f55d1ad2-02d1-517d-ae54-7cf19c34249c,Rahmonov Behruz,Behruz,Rahmonov,,M,2024-11-17,2024,,Toshkent,Oqituvchi,[TEST-ERXOTIN-LARGE] Katta test shajara uchun suniy yaratilgan profil. Node ID: G3_050_03.,G2_10_05,G2S_10_05,,1
G3S_EXTRA_16,54bcedca-7d12-59c2-9953-d65108d8982e,Erixonov Dilshod,Dilshod,Erixonov,,M,1995-12-18,1995,,Samarqand,Muhandis,[TEST-ERXOTIN-LARGE] Katta test shajara uchun suniy yaratilgan profil. Node ID: G3S_EXTRA_16.,,,G3_001_01,1
G3S_EXTRA_17,fb89e710-8225-5fa0-b981-98ac54b6ad1e,Boltayev Akmal,Akmal,Boltayev,,M,1999-01-19,1999,,Buxoro,Shifokor,[TEST-ERXOTIN-LARGE] Katta test shajara uchun suniy yaratilgan profil. Node ID: G3S_EXTRA_17.,,,G3_001_03,1
G3S_EXTRA_18,26373881-331e-5c55-b395-43b94ccf9e4d,Rahmonov Nodir,Nodir,Rahmonov,,M,1999-02-20,1999,,Termiz,Tadbirkor,[TEST-ERXOTIN-LARGE] Katta test shajara uchun suniy yaratilgan profil. Node ID: G3S_EXTRA_18.,,,G3_002_02,1
G3S_EXTRA_19,3c8a0c2f-6589-59f4-842c-156e3e0269fb,Karimova Dilorom,Dilorom,Karimova,,F,2001-03-21,2001,,Guliston,Dasturchi,[TEST-ERXOTIN-LARGE] Katta test shajara uchun suniy yaratilgan profil. Node ID: G3S_EXTRA_19.,,,G3_002_03,1
G3S_EXTRA_20,1dcefb90-6b80-5a6c-a9bf-9460c6b26eea,Sobirov Sirojiddin,Sirojiddin,Sobirov,,M,1999-04-22,1999,,Qoqon,Agronom,[TEST-ERXOTIN-LARGE] Katta test shajara uchun suniy yaratilgan profil. Node ID: G3S_EXTRA_20.,,,G3_003_01,1
G3S_EXTRA_21,9833ef11-e22e-5143-b75e-14a83e8680d7,Murodova Mubina,Mubina,Murodova,,F,2001-05-23,2001,,Fargona,Usta,[TEST-ERXOTIN-LARGE] Katta test shajara uchun suniy yaratilgan profil. Node ID: G3S_EXTRA_21.,,,G3_003_02,1
G3S_EXTRA_22,e94ab561-3bc0-55be-8423-229922229105,Nurmatova Ruxshona,Ruxshona,Nurmatova,,F,2001-06-24,2001,,Margilon,Talaba,[TEST-ERXOTIN-LARGE] Katta test shajara uchun suniy yaratilgan profil. Node ID: G3S_EXTRA_22.,,,G3_004_01,1
G3S_EXTRA_23,012a0eab-d987-5944-bbf6-376c871803fd,Qodirova Sarvinoz,Sarvinoz,Qodirova,,F,2005-07-25,2005,,Toshkent,Hisobchi,[TEST-ERXOTIN-LARGE] Katta test shajara uchun suniy yaratilgan profil. Node ID: G3S_EXTRA_23.,,,G3_004_03,1
G3S_EXTRA_24,a936ae45-9fda-5aee-8280-6df5b7f4a263,Yusupova Nilufar,Nilufar,Yusupova,,F,2005-08-26,2005,,Andijon,Huquqshunos,[TEST-ERXOTIN-LARGE] Katta test shajara uchun suniy yaratilgan profil. Node ID: G3S_EXTRA_24.,,,G3_005_02,1
G3S_EXTRA_25,3afa94ee-1dfb-5c81-8930-eb158aa64cb6,Tursunova Iroda,Iroda,Tursunova,,F,1997-09-27,1997,,Namangan,Haydovchi,[TEST-ERXOTIN-LARGE] Katta test shajara uchun suniy yaratilgan profil. Node ID: G3S_EXTRA_25.,,,G3_006_01,1
G3S_EXTRA_26,f75413a9-d634-57dd-bb8d-c4a78e095eac,Nazarov Temurbek,Temurbek,Nazarov,,M,1999-10-01,1999,,Samarqand,Oqituvchi,[TEST-ERXOTIN-LARGE] Katta test shajara uchun suniy yaratilgan profil. Node ID: G3S_EXTRA_26.,,,G3_006_02,1
G3S_EXTRA_27,4ab50fd3-b86f-5aa3-bdc9-41cdea30dfb1,Saidov Suhrob,Suhrob,Saidov,,M,1999-11-02,1999,,Buxoro,Muhandis,[TEST-ERXOTIN-LARGE] Katta test shajara uchun suniy yaratilgan profil. Node ID: G3S_EXTRA_27.,,,G3_007_01,1
G3S_EXTRA_28,49c503ef-4a69-51bd-9ff5-adc977bd198d,Erixonov Zafar,Zafar,Erixonov,,M,2003-12-03,2003,,Termiz,Shifokor,[TEST-ERXOTIN-LARGE] Katta test shajara uchun suniy yaratilgan profil. Node ID: G3S_EXTRA_28.,,,G3_007_03,1
G3S_EXTRA_29,8d752b40-b37b-5bdf-bf51-f570accede2d,Boltayev Behruz,Behruz,Boltayev,,M,2003-01-04,2003,,Guliston,Tadbirkor,[TEST-ERXOTIN-LARGE] Katta test shajara uchun suniy yaratilgan profil. Node ID: G3S_EXTRA_29.,,,G3_008_02,1
G3S_EXTRA_30,63e11254-24da-525a-ba28-63679cf8fcd9,Rahmonova Mohinur,Mohinur,Rahmonova,,F,2005-02-05,2005,,Qoqon,Dasturchi,[TEST-ERXOTIN-LARGE] Katta test shajara uchun suniy yaratilgan profil. Node ID: G3S_EXTRA_30.,,,G3_008_03,1
G3S_EXTRA_31,55fa82ea-d02a-5c06-8d56-016d1abfdff5,Karimov Abdulloh,Abdulloh,Karimov,,M,2003-03-06,2003,,Fargona,Agronom,[TEST-ERXOTIN-LARGE] Katta test shajara uchun suniy yaratilgan profil. Node ID: G3S_EXTRA_31.,,,G3_009_01,1
G3S_EXTRA_32,4b2099c9-4890-5a04-aebf-1f7582e44c04,Sobirova Malika,Malika,Sobirova,,F,2005-04-07,2005,,Margilon,Usta,[TEST-ERXOTIN-LARGE] Katta test shajara uchun suniy yaratilgan profil. Node ID: G3S_EXTRA_32.,,,G3_009_02,1
G3S_EXTRA_33,3a0d630e-0693-5a7d-b417-836597506656,Murodova Gulbahor,Gulbahor,Murodova,,F,2005-05-08,2005,,Toshkent,Talaba,[TEST-ERXOTIN-LARGE] Katta test shajara uchun suniy yaratilgan profil. Node ID: G3S_EXTRA_33.,,,G3_010_01,1
G3S_EXTRA_34,cafcd008-08f5-5e1d-ae36-76fe0d6ef829,Nurmatova Nargiza,Nargiza,Nurmatova,,F,2001-06-09,2001,,Andijon,Hisobchi,[TEST-ERXOTIN-LARGE] Katta test shajara uchun suniy yaratilgan profil. Node ID: G3S_EXTRA_34.,,,G3_011_02,1
G3S_EXTRA_35,86a6e2c9-c0af-595b-a987-72cbc5599a4e,Qodirov Ulugbek,Ulugbek,Qodirov,,M,2003-07-10,2003,,Namangan,Huquqshunos,[TEST-ERXOTIN-LARGE] Katta test shajara uchun suniy yaratilgan profil. Node ID: G3S_EXTRA_35.,,,G3_011_03,1
G3S_EXTRA_36,b597f2d7-8937-5d21-855f-fa72104e5093,Yusupova Madina,Madina,Yusupova,,F,2001-08-11,2001,,Samarqand,Haydovchi,[TEST-ERXOTIN-LARGE] Katta test shajara uchun suniy yaratilgan profil. Node ID: G3S_EXTRA_36.,,,G3_012_01,1
G3S_EXTRA_37,c2000ca4-23d3-50b2-aad7-109bd1be56d8,Tursunov Jasurbek,Jasurbek,Tursunov,,M,2003-09-12,2003,,Buxoro,Oqituvchi,[TEST-ERXOTIN-LARGE] Katta test shajara uchun suniy yaratilgan profil. Node ID: G3S_EXTRA_37.,,,G3_012_02,1
G3S_EXTRA_38,8143ed48-c7b2-5ea4-a156-d5b2ddee662e,Nazarov Doston,Doston,Nazarov,,M,2003-10-13,2003,,Termiz,Muhandis,[TEST-ERXOTIN-LARGE] Katta test shajara uchun suniy yaratilgan profil. Node ID: G3S_EXTRA_38.,,,G3_013_01,1
G3S_EXTRA_39,4b40a00b-00aa-5f7e-8de0-88695ff5238b,Saidova Maftuna,Maftuna,Saidova,,F,2001-11-14,2001,,Guliston,Shifokor,[TEST-ERXOTIN-LARGE] Katta test shajara uchun suniy yaratilgan profil. Node ID: G3S_EXTRA_39.,,,G3_016_01,1
G3S_EXTRA_40,1f11ef55-800b-54ae-9cb3-b571229c6f70,Erixonova Rayhona,Rayhona,Erixonova,,F,2005-12-15,2005,,Qoqon,Tadbirkor,[TEST-ERXOTIN-LARGE] Katta test shajara uchun suniy yaratilgan profil. Node ID: G3S_EXTRA_40.,,,G3_016_03,1
G3S_EXTRA_41,c2d2be69-1b41-5c1d-bc6d-c351696af5ec,Boltayeva Munisa,Munisa,Boltayeva,,F,2005-01-16,2005,,Fargona,Dasturchi,[TEST-ERXOTIN-LARGE] Katta test shajara uchun suniy yaratilgan profil. Node ID: G3S_EXTRA_41.,,,G3_017_02,1
G3S_EXTRA_42,56c4e161-8170-53c2-9716-0af73e9f07e9,Rahmonova Feruza,Feruza,Rahmonova,,F,2005-02-17,2005,,Margilon,Agronom,[TEST-ERXOTIN-LARGE] Katta test shajara uchun suniy yaratilgan profil. Node ID: G3S_EXTRA_42.,,,G3_018_01,1
G3S_EXTRA_43,6b4d255f-8deb-5bd6-8a3b-97af85afeb10,Karimov Shahzod,Shahzod,Karimov,,M,2003-03-18,2003,,Toshkent,Usta,[TEST-ERXOTIN-LARGE] Katta test shajara uchun suniy yaratilgan profil. Node ID: G3S_EXTRA_43.,,,G3_021_01,1
G3S_EXTRA_44,f9c7dd8b-421f-57e2-a0f7-d44eb106129c,Sobirova Nozima,Nozima,Sobirova,,F,2005-04-19,2005,,Andijon,Talaba,[TEST-ERXOTIN-LARGE] Katta test shajara uchun suniy yaratilgan profil. Node ID: G3S_EXTRA_44.,,,G3_021_02,1
G3S_EXTRA_45,0484be17-8040-5ad0-9927-9215bc44123b,Murodova Gulnora,Gulnora,Murodova,,F,2005-05-20,2005,,Namangan,Hisobchi,[TEST-ERXOTIN-LARGE] Katta test shajara uchun suniy yaratilgan profil. Node ID: G3S_EXTRA_45.,,,G3_022_01,1
G4_001_01,62708638-e6a3-524b-aa69-0a2385268cd8,Boltayeva Gulbahor,Gulbahor,Boltayeva,,F,2017-06-21,2017,,Margilon,Oquvchi,[TEST-ERXOTIN-LARGE] Katta test shajara uchun suniy yaratilgan profil. Node ID: G4_001_01.,G3_001_02,G3S_001_02,,1
G4_001_02,4da5866c-85b4-54cf-af64-2f2d7b69852c,Boltayev Sherzod,Sherzod,Boltayev,,M,2019-07-22,2019,,Toshkent,Oquvchi,[TEST-ERXOTIN-LARGE] Katta test shajara uchun suniy yaratilgan profil. Node ID: G4_001_02.,G3_001_02,G3S_001_02,,1
G4_002_01,e2baf35a-d37c-52db-bd7f-dc447bb2decc,Rahmonov Ulugbek,Ulugbek,Rahmonov,,M,2017-08-23,2017,,Toshkent,Oquvchi,[TEST-ERXOTIN-LARGE] Katta test shajara uchun suniy yaratilgan profil. Node ID: G4_002_01.,G3_002_01,G3S_002_01,,1
G4_002_02,5353f2ad-4d27-5b1c-88ef-1607a4166ae8,Rahmonova Madina,Madina,Rahmonova,,F,2019-09-24,2019,,Andijon,Oquvchi,[TEST-ERXOTIN-LARGE] Katta test shajara uchun suniy yaratilgan profil. Node ID: G4_002_02.,G3_002_01,G3S_002_01,,1
G4_003_01,d6c5ccde-300d-5c7b-b1a6-32365e6ecbf1,Karimova Shahnoza,Shahnoza,Karimova,,F,2023-10-25,2023,,Andijon,Oquvchi,[TEST-ERXOTIN-LARGE] Katta test shajara uchun suniy yaratilgan profil. Node ID: G4_003_01.,G3S_003_03,G3_003_03,,1
G4_003_02,e94add37-98e5-527f-969b-1e2a794b154d,Karimov Doston,Doston,Karimov,,M,2025-11-26,2025,,Namangan,Oquvchi,[TEST-ERXOTIN-LARGE] Katta test shajara uchun suniy yaratilgan profil. Node ID: G4_003_02.,G3S_003_03,G3_003_03,,1
G4_004_01,fd085532-7cf2-5e4a-979f-0e71dc82aa6f,Sobirov Sardor,Sardor,Sobirov,,M,2023-12-27,2023,,Namangan,Oquvchi,[TEST-ERXOTIN-LARGE] Katta test shajara uchun suniy yaratilgan profil. Node ID: G4_004_01.,G3S_004_02,G3_004_02,,1
G4_004_02,af1d0d04-34a6-57bd-9d30-2e89ddd6eb1d,Sobirova Rayhona,Rayhona,Sobirova,,F,2025-01-01,2025,,Samarqand,Oquvchi,[TEST-ERXOTIN-LARGE] Katta test shajara uchun suniy yaratilgan profil. Node ID: G4_004_02.,G3S_004_02,G3_004_02,,1
G4_005_01,c7ffe908-f320-55cd-b9a0-b953a75464a6,Murodova Munisa,Munisa,Murodova,,F,2023-02-02,2023,,Samarqand,Oquvchi,[TEST-ERXOTIN-LARGE] Katta test shajara uchun suniy yaratilgan profil. Node ID: G4_005_01.,G3S_005_01,G3_005_01,,1
G4_005_02,20a0f4a4-ad6a-508a-a127-efdf3876722e,Murodov Oybek,Oybek,Murodov,,M,2025-03-03,2025,,Buxoro,Oquvchi,[TEST-ERXOTIN-LARGE] Katta test shajara uchun suniy yaratilgan profil. Node ID: G4_005_02.,G3S_005_01,G3_005_01,,1
G4_006_01,d42ece41-a957-5759-82ff-1d902866b251,Nurmatov Shahzod,Shahzod,Nurmatov,,M,2021-04-04,2021,,Buxoro,Oquvchi,[TEST-ERXOTIN-LARGE] Katta test shajara uchun suniy yaratilgan profil. Node ID: G4_006_01.,G3_006_03,G3S_006_03,,1
G4_006_02,d2426b09-e10d-5453-ae65-89e40a5b11b7,Nurmatova Nozima,Nozima,Nurmatova,,F,2023-05-05,2023,,Termiz,Oquvchi,[TEST-ERXOTIN-LARGE] Katta test shajara uchun suniy yaratilgan profil. Node ID: G4_006_02.,G3_006_03,G3S_006_03,,1
G4_007_01,6bb77822-9d41-58ac-95b7-9cec7e84f3dd,Qodirova Gulnora,Gulnora,Qodirova,,F,2021-06-06,2021,,Termiz,Oquvchi,[TEST-ERXOTIN-LARGE] Katta test shajara uchun suniy yaratilgan profil. Node ID: G4_007_01.,G3_007_02,G3S_007_02,,1
G4_007_02,eb39037e-5596-58fc-8f46-549b08a5c967,Qodirov Dilshod,Dilshod,Qodirov,,M,2023-07-07,2023,,Guliston,Oquvchi,[TEST-ERXOTIN-LARGE] Katta test shajara uchun suniy yaratilgan profil. Node ID: G4_007_02.,G3_007_02,G3S_007_02,,1
G4_008_01,2234b378-39ca-513a-a0b3-addcc2017cef,Yusupov Akmal,Akmal,Yusupov,,M,2021-08-08,2021,,Guliston,Oquvchi,[TEST-ERXOTIN-LARGE] Katta test shajara uchun suniy yaratilgan profil. Node ID: G4_008_01.,G3_008_01,G3S_008_01,,1
G4_008_02,7929d002-4c82-5b52-aa95-9ea91a7eebe8,Yusupova Aziza,Aziza,Yusupova,,F,2023-09-09,2023,,Qoqon,Oquvchi,[TEST-ERXOTIN-LARGE] Katta test shajara uchun suniy yaratilgan profil. Node ID: G4_008_02.,G3_008_01,G3S_008_01,,1
G4_009_01,91b95138-10f6-5771-a642-b5a0ab4c017d,Tursunova Dilorom,Dilorom,Tursunova,,F,2019-10-10,2019,,Qoqon,Oquvchi,[TEST-ERXOTIN-LARGE] Katta test shajara uchun suniy yaratilgan profil. Node ID: G4_009_01.,G3S_011_01,G3_011_01,,1
G4_009_02,f91480dc-ad76-5729-937f-4b3b62c36c48,Tursunov Sirojiddin,Sirojiddin,Tursunov,,M,2021-11-11,2021,,Fargona,Oquvchi,[TEST-ERXOTIN-LARGE] Katta test shajara uchun suniy yaratilgan profil. Node ID: G4_009_02.,G3S_011_01,G3_011_01,,1
G4_010_01,83abeba8-4286-5ad0-b9af-4a5437ee5898,Nazarov Otabek,Otabek,Nazarov,,M,2025-12-12,2025,,Fargona,Oquvchi,[TEST-ERXOTIN-LARGE] Katta test shajara uchun suniy yaratilgan profil. Node ID: G4_010_01.,G3_012_03,G3S_012_03,,1
G4_010_02,38d3847f-f0e7-5fa5-8165-d7c9e3043151,Nazarova Ruxshona,Ruxshona,Nazarova,,F,2025-01-13,2025,,Margilon,Oquvchi,[TEST-ERXOTIN-LARGE] Katta test shajara uchun suniy yaratilgan profil. Node ID: G4_010_02.,G3_012_03,G3S_012_03,,1
G4_011_01,9e7ea99c-9e00-5e3f-a2cb-56fda5371b91,Saidova Sarvinoz,Sarvinoz,Saidova,,F,2025-02-14,2025,,Margilon,Oquvchi,[TEST-ERXOTIN-LARGE] Katta test shajara uchun suniy yaratilgan profil. Node ID: G4_011_01.,G3_013_02,G3S_013_02,,1
G4_011_02,ff896145-0379-524b-a5a8-17ef01550c29,Saidov Asadbek,Asadbek,Saidov,,M,2025-03-15,2025,,Toshkent,Oquvchi,[TEST-ERXOTIN-LARGE] Katta test shajara uchun suniy yaratilgan profil. Node ID: G4_011_02.,G3_013_02,G3S_013_02,,1
G4_012_01,f45b9692-0ff1-5a91-ba06-3b536a94d934,Erixonov Firdavs,Firdavs,Erixonov,,M,2025-04-16,2025,,Toshkent,Oquvchi,[TEST-ERXOTIN-LARGE] Katta test shajara uchun suniy yaratilgan profil. Node ID: G4_012_01.,G3_014_01,G3S_014_01,,1
G4_012_02,cbf8f3bf-71ef-582c-ac6d-a88b91afe48f,Erixonova Gavhar,Gavhar,Erixonova,,F,2025-05-17,2025,,Andijon,Oquvchi,[TEST-ERXOTIN-LARGE] Katta test shajara uchun suniy yaratilgan profil. Node ID: G4_012_02.,G3_014_01,G3S_014_01,,1
G4_013_01,97056503-2130-5b9f-b222-4d35eae14fb8,Boltayeva Madinabonu,Madinabonu,Boltayeva,,F,2023-06-18,2023,,Andijon,Oquvchi,[TEST-ERXOTIN-LARGE] Katta test shajara uchun suniy yaratilgan profil. Node ID: G4_013_01.,G3S_016_02,G3_016_02,,1
G4_013_02,b5fbe5bd-6a3d-562b-9cc0-5e4fb57481e4,Boltayev Zafar,Zafar,Boltayev,,M,2025-07-19,2025,,Namangan,Oquvchi,[TEST-ERXOTIN-LARGE] Katta test shajara uchun suniy yaratilgan profil. Node ID: G4_013_02.,G3S_016_02,G3_016_02,,1
G4_014_01,566b5b2f-9290-5d40-8459-3ff7756f8a53,Rahmonov Behruz,Behruz,Rahmonov,,M,2023-08-20,2023,,Namangan,Oquvchi,[TEST-ERXOTIN-LARGE] Katta test shajara uchun suniy yaratilgan profil. Node ID: G4_014_01.,G3S_017_01,G3_017_01,,1
G4_014_02,7e9ef75b-6cb0-5a13-bfbd-5eb9d86907ca,Rahmonova Mohinur,Mohinur,Rahmonova,,F,2025-09-21,2025,,Samarqand,Oquvchi,[TEST-ERXOTIN-LARGE] Katta test shajara uchun suniy yaratilgan profil. Node ID: G4_014_02.,G3S_017_01,G3_017_01,,1
G4_015_01,565d4e7c-a080-5ec7-943f-3b6664085614,Karimova Zuhra,Zuhra,Karimova,,F,2025-10-22,2025,,Samarqand,Oquvchi,[TEST-ERXOTIN-LARGE] Katta test shajara uchun suniy yaratilgan profil. Node ID: G4_015_01.,G3_026_01,G3S_026_01,,1
G4_015_02,c3ab1a92-3f97-5db5-9f3c-9a12730f4006,Karimov Bekzod,Bekzod,Karimov,,M,2025-11-23,2025,,Buxoro,Oquvchi,[TEST-ERXOTIN-LARGE] Katta test shajara uchun suniy yaratilgan profil. Node ID: G4_015_02.,G3_026_01,G3S_026_01,,1
G4_016_01,87eadf60-c31c-5958-becd-dec01f1fb7f7,Sobirov Javlon,Javlon,Sobirov,,M,2015-12-24,2015,,Buxoro,Oquvchi,[TEST-ERXOTIN-LARGE] Katta test shajara uchun suniy yaratilgan profil. Node ID: G4_016_01.,G3S_EXTRA_16,G3_001_01,,1
G4_016_02,45c0e751-51bb-5eb3-8b87-2102e0a4a42f,Sobirova Nargiza,Nargiza,Sobirova,,F,2017-01-25,2017,,Termiz,Oquvchi,[TEST-ERXOTIN-LARGE] Katta test shajara uchun suniy yaratilgan profil. Node ID: G4_016_02.,G3S_EXTRA_16,G3_001_01,,1
G4_017_01,602b6a72-a583-55be-91c8-9733c4c34e36,Murodova Dilnoza,Dilnoza,Murodova,,F,2019-02-26,2019,,Termiz,Oquvchi,[TEST-ERXOTIN-LARGE] Katta test shajara uchun suniy yaratilgan profil. Node ID: G4_017_01.,G3S_EXTRA_17,G3_001_03,,1
G4_017_02,18b3167e-58f5-515d-a0a2-21e7c35a0c57,Murodov Azizbek,Azizbek,Murodov,,M,2021-03-27,2021,,Guliston,Oquvchi,[TEST-ERXOTIN-LARGE] Katta test shajara uchun suniy yaratilgan profil. Node ID: G4_017_02.,G3S_EXTRA_17,G3_001_03,,1
G4_018_01,10dbe801-b6ae-50df-8a91-18048dfadc1c,Nurmatov Jasurbek,Jasurbek,Nurmatov,,M,2019-04-01,2019,,Guliston,Oquvchi,[TEST-ERXOTIN-LARGE] Katta test shajara uchun suniy yaratilgan profil. Node ID: G4_018_01.,G3S_EXTRA_18,G3_002_02,,1
G4_018_02,99671bbc-2709-5959-9fd3-839c3c20fde2,Nurmatova Sevara,Sevara,Nurmatova,,F,2021-05-02,2021,,Qoqon,Oquvchi,[TEST-ERXOTIN-LARGE] Katta test shajara uchun suniy yaratilgan profil. Node ID: G4_018_02.,G3S_EXTRA_18,G3_002_02,,1
G4_019_01,b60372ab-dc50-5d56-ab9e-51ad91a9ee50,Qodirova Maftuna,Maftuna,Qodirova,,F,2021-06-03,2021,,Qoqon,Oquvchi,[TEST-ERXOTIN-LARGE] Katta test shajara uchun suniy yaratilgan profil. Node ID: G4_019_01.,G3_002_03,G3S_EXTRA_19,,1
G4_019_02,8690a69b-d1ff-5c4c-bcf8-55fff347f61f,Qodirov Jamshid,Jamshid,Qodirov,,M,2023-07-04,2023,,Fargona,Oquvchi,[TEST-ERXOTIN-LARGE] Katta test shajara uchun suniy yaratilgan profil. Node ID: G4_019_02.,G3_002_03,G3S_EXTRA_19,,1
G4_020_01,18aeb186-07e8-5ee6-b91e-816976028728,Yusupov Sanjar,Sanjar,Yusupov,,M,2019-08-05,2019,,Fargona,Oquvchi,[TEST-ERXOTIN-LARGE] Katta test shajara uchun suniy yaratilgan profil. Node ID: G4_020_01.,G3S_EXTRA_20,G3_003_01,,1
G4_020_02,2bdad2ab-d4db-5afa-b0a1-4c7f718ec117,Yusupova Feruza,Feruza,Yusupova,,F,2021-09-06,2021,,Margilon,Oquvchi,[TEST-ERXOTIN-LARGE] Katta test shajara uchun suniy yaratilgan profil. Node ID: G4_020_02.,G3S_EXTRA_20,G3_003_01,,1
G4_021_01,41ecb0ff-f857-57be-92ed-3d2aaf9e7634,Tursunova Zilola,Zilola,Tursunova,,F,2021-10-07,2021,,Margilon,Oquvchi,[TEST-ERXOTIN-LARGE] Katta test shajara uchun suniy yaratilgan profil. Node ID: G4_021_01.,G3_003_02,G3S_EXTRA_21,,1
G4_021_02,478d62c7-cc5f-588b-a199-f31748b92af5,Tursunov Murod,Murod,Tursunov,,M,2023-11-08,2023,,Toshkent,Oquvchi,[TEST-ERXOTIN-LARGE] Katta test shajara uchun suniy yaratilgan profil. Node ID: G4_021_02.,G3_003_02,G3S_EXTRA_21,,1
G4_022_01,e3f1c048-361e-574a-92ed-b71cf3c5798c,Nazarov Farrux,Farrux,Nazarov,,M,2021-12-09,2021,,Toshkent,Oquvchi,[TEST-ERXOTIN-LARGE] Katta test shajara uchun suniy yaratilgan profil. Node ID: G4_022_01.,G3_004_01,G3S_EXTRA_22,,1
G4_022_02,63e3c910-ea8d-55f2-87af-56d7dd9d9d5b,Nazarova Saida,Saida,Nazarova,,F,2023-01-10,2023,,Andijon,Oquvchi,[TEST-ERXOTIN-LARGE] Katta test shajara uchun suniy yaratilgan profil. Node ID: G4_022_02.,G3_004_01,G3S_EXTRA_22,,1
G4_023_01,01af571d-cf8b-5d3a-a06a-0ec2e9e02622,Saidova Lola,Lola,Saidova,,F,2025-02-11,2025,,Andijon,Oquvchi,[TEST-ERXOTIN-LARGE] Katta test shajara uchun suniy yaratilgan profil. Node ID: G4_023_01.,G3_004_03,G3S_EXTRA_23,,1
G4_023_02,57b51ab2-6925-533b-970f-717e8c94a721,Saidov Nodir,Nodir,Saidov,,M,2025-03-12,2025,,Namangan,Oquvchi,[TEST-ERXOTIN-LARGE] Katta test shajara uchun suniy yaratilgan profil. Node ID: G4_023_02.,G3_004_03,G3S_EXTRA_23,,1
G4_024_01,ea74f1ee-48b2-5626-8170-b409ced8291a,Erixonov Rustam,Rustam,Erixonov,,M,2025-04-13,2025,,Namangan,Oquvchi,[TEST-ERXOTIN-LARGE] Katta test shajara uchun suniy yaratilgan profil. Node ID: G4_024_01.,G3_005_02,G3S_EXTRA_24,,1
G4_024_02,dbe85ee8-862b-52de-8b7d-e462434e00e8,Erixonova Shohista,Shohista,Erixonova,,F,2025-05-14,2025,,Samarqand,Oquvchi,[TEST-ERXOTIN-LARGE] Katta test shajara uchun suniy yaratilgan profil. Node ID: G4_024_02.,G3_005_02,G3S_EXTRA_24,,1
G4_025_01,9adf91fb-1e1e-5826-ad40-27750b158899,Boltayeva Mubina,Mubina,Boltayeva,,F,2017-06-15,2017,,Samarqand,Oquvchi,[TEST-ERXOTIN-LARGE] Katta test shajara uchun suniy yaratilgan profil. Node ID: G4_025_01.,G3_006_01,G3S_EXTRA_25,,1
G4_025_02,ebcab910-92c8-5900-b99a-2b321cc501f0,Boltayev Komil,Komil,Boltayev,,M,2019-07-16,2019,,Buxoro,Oquvchi,[TEST-ERXOTIN-LARGE] Katta test shajara uchun suniy yaratilgan profil. Node ID: G4_025_02.,G3_006_01,G3S_EXTRA_25,,1
G4_026_01,5023ef3c-1bf6-5073-8b69-5c83549dc1b1,Rahmonov Ibrohim,Ibrohim,Rahmonov,,M,2019-08-17,2019,,Buxoro,Oquvchi,[TEST-ERXOTIN-LARGE] Katta test shajara uchun suniy yaratilgan profil. Node ID: G4_026_01.,G3S_EXTRA_26,G3_006_02,,1
G4_026_02,aa9ad944-d7d0-53cf-8a09-2a0a9d011d0d,Rahmonova Nilufar,Nilufar,Rahmonova,,F,2021-09-18,2021,,Termiz,Oquvchi,[TEST-ERXOTIN-LARGE] Katta test shajara uchun suniy yaratilgan profil. Node ID: G4_026_02.,G3S_EXTRA_26,G3_006_02,,1
G4_027_01,5bb1116b-b755-5296-bed1-72416ab9eb5d,Karimova Iroda,Iroda,Karimova,,F,2019-10-19,2019,,Termiz,Oquvchi,[TEST-ERXOTIN-LARGE] Katta test shajara uchun suniy yaratilgan profil. Node ID: G4_027_01.,G3S_EXTRA_27,G3_007_01,,1
G4_027_02,6e5b8bb6-9e51-5a2f-b680-a4c193db2ed1,Karimov Temurbek,Temurbek,Karimov,,M,2021-11-20,2021,,Guliston,Oquvchi,[TEST-ERXOTIN-LARGE] Katta test shajara uchun suniy yaratilgan profil. Node ID: G4_027_02.,G3S_EXTRA_27,G3_007_01,,1
G4_028_01,dcdc64b8-fca2-5e61-bbab-e2bc1f3942be,Sobirov Suhrob,Suhrob,Sobirov,,M,2023-12-21,2023,,Guliston,Oquvchi,[TEST-ERXOTIN-LARGE] Katta test shajara uchun suniy yaratilgan profil. Node ID: G4_028_01.,G3S_EXTRA_28,G3_007_03,,1
G4_028_02,f417add5-bcb2-58d8-b860-484d00aa5940,Sobirova Zarnigor,Zarnigor,Sobirova,,F,2025-01-22,2025,,Qoqon,Oquvchi,[TEST-ERXOTIN-LARGE] Katta test shajara uchun suniy yaratilgan profil. Node ID: G4_028_02.,G3S_EXTRA_28,G3_007_03,,1
G4_029_01,eecec4c0-d163-56e7-b202-6f7dcad80420,Murodova Oydin,Oydin,Murodova,,F,2023-02-23,2023,,Qoqon,Oquvchi,[TEST-ERXOTIN-LARGE] Katta test shajara uchun suniy yaratilgan profil. Node ID: G4_029_01.,G3S_EXTRA_29,G3_008_02,,1
G4_029_02,6b2f2feb-2c0b-529d-8671-764fb74a4a20,Murodov Erixon,Erixon,Murodov,,M,2025-03-24,2025,,Fargona,Oquvchi,[TEST-ERXOTIN-LARGE] Katta test shajara uchun suniy yaratilgan profil. Node ID: G4_029_02.,G3S_EXTRA_29,G3_008_02,,1
G4_030_01,ddcf318b-310f-5bfd-809f-6699eec87009,Nurmatov Abdulloh,Abdulloh,Nurmatov,,M,2025-04-25,2025,,Fargona,Oquvchi,[TEST-ERXOTIN-LARGE] Katta test shajara uchun suniy yaratilgan profil. Node ID: G4_030_01.,G3_008_03,G3S_EXTRA_30,,1
G4_030_02,86afe430-dc3d-5fb7-b72e-c23f47bf20ea,Nurmatova Malika,Malika,Nurmatova,,F,2025-05-26,2025,,Margilon,Oquvchi,[TEST-ERXOTIN-LARGE] Katta test shajara uchun suniy yaratilgan profil. Node ID: G4_030_02.,G3_008_03,G3S_EXTRA_30,,1
G4_031_01,47302146-68f0-546c-89cb-2337dedba5d7,Qodirova Gulbahor,Gulbahor,Qodirova,,F,2023-06-27,2023,,Margilon,Oquvchi,[TEST-ERXOTIN-LARGE] Katta test shajara uchun suniy yaratilgan profil. Node ID: G4_031_01.,G3S_EXTRA_31,G3_009_01,,1
G4_031_02,51a2f673-537e-5f6d-b8d7-c1a7770b9653,Qodirov Sherzod,Sherzod,Qodirov,,M,2025-07-01,2025,,Toshkent,Oquvchi,[TEST-ERXOTIN-LARGE] Katta test shajara uchun suniy yaratilgan profil. Node ID: G4_031_02.,G3S_EXTRA_31,G3_009_01,,1
G4_032_01,41fbd8eb-c10a-54e4-949d-27afb0fecf81,Yusupov Ulugbek,Ulugbek,Yusupov,,M,2025-08-02,2025,,Toshkent,Oquvchi,[TEST-ERXOTIN-LARGE] Katta test shajara uchun suniy yaratilgan profil. Node ID: G4_032_01.,G3_009_02,G3S_EXTRA_32,,1
G4_032_02,6cff665a-6bb8-581a-b381-41fca7769fcf,Yusupova Madina,Madina,Yusupova,,F,2025-09-03,2025,,Andijon,Oquvchi,[TEST-ERXOTIN-LARGE] Katta test shajara uchun suniy yaratilgan profil. Node ID: G4_032_02.,G3_009_02,G3S_EXTRA_32,,1
G4_033_01,14f20493-f3b3-54e8-ae6b-4c83c430f626,Tursunova Shahnoza,Shahnoza,Tursunova,,F,2025-10-04,2025,,Andijon,Oquvchi,[TEST-ERXOTIN-LARGE] Katta test shajara uchun suniy yaratilgan profil. Node ID: G4_033_01.,G3_010_01,G3S_EXTRA_33,,1
G4_033_02,40754a73-9bbe-5d67-a926-48b4798fd05b,Tursunov Doston,Doston,Tursunov,,M,2025-11-05,2025,,Namangan,Oquvchi,[TEST-ERXOTIN-LARGE] Katta test shajara uchun suniy yaratilgan profil. Node ID: G4_033_02.,G3_010_01,G3S_EXTRA_33,,1
G4_034_01,fb7b66f8-1864-5a98-a813-afacc75a4ace,Nazarov Sardor,Sardor,Nazarov,,M,2021-12-06,2021,,Namangan,Oquvchi,[TEST-ERXOTIN-LARGE] Katta test shajara uchun suniy yaratilgan profil. Node ID: G4_034_01.,G3_011_02,G3S_EXTRA_34,,1
G4_034_02,34ee6cca-b5e6-5d82-98d1-0b1d1069b09c,Nazarova Rayhona,Rayhona,Nazarova,,F,2023-01-07,2023,,Samarqand,Oquvchi,[TEST-ERXOTIN-LARGE] Katta test shajara uchun suniy yaratilgan profil. Node ID: G4_034_02.,G3_011_02,G3S_EXTRA_34,,1
G4_035_01,806ef289-7cf9-5e08-8d68-08535af48f14,Saidova Munisa,Munisa,Saidova,,F,2023-02-08,2023,,Samarqand,Oquvchi,[TEST-ERXOTIN-LARGE] Katta test shajara uchun suniy yaratilgan profil. Node ID: G4_035_01.,G3S_EXTRA_35,G3_011_03,,1
G4_035_02,2d17cd7f-514f-5a16-8195-cb9973993bc5,Saidov Oybek,Oybek,Saidov,,M,2025-03-09,2025,,Buxoro,Oquvchi,[TEST-ERXOTIN-LARGE] Katta test shajara uchun suniy yaratilgan profil. Node ID: G4_035_02.,G3S_EXTRA_35,G3_011_03,,1
G4_036_01,e894284e-fb7f-50ee-b8ff-91d8f29b44d2,Erixonov Shahzod,Shahzod,Erixonov,,M,2021-04-10,2021,,Buxoro,Oquvchi,[TEST-ERXOTIN-LARGE] Katta test shajara uchun suniy yaratilgan profil. Node ID: G4_036_01.,G3_012_01,G3S_EXTRA_36,,1
G4_036_02,c638727d-90ba-5f8e-a13b-831e6eac436f,Erixonova Nozima,Nozima,Erixonova,,F,2023-05-11,2023,,Termiz,Oquvchi,[TEST-ERXOTIN-LARGE] Katta test shajara uchun suniy yaratilgan profil. Node ID: G4_036_02.,G3_012_01,G3S_EXTRA_36,,1
G4_037_01,e6d686d1-034e-5df3-a161-0eb87402437e,Boltayeva Gulnora,Gulnora,Boltayeva,,F,2023-06-12,2023,,Termiz,Oquvchi,[TEST-ERXOTIN-LARGE] Katta test shajara uchun suniy yaratilgan profil. Node ID: G4_037_01.,G3S_EXTRA_37,G3_012_02,,1
G4_037_02,727187e1-7103-53da-933d-13a564cbba45,Boltayev Dilshod,Dilshod,Boltayev,,M,2025-07-13,2025,,Guliston,Oquvchi,[TEST-ERXOTIN-LARGE] Katta test shajara uchun suniy yaratilgan profil. Node ID: G4_037_02.,G3S_EXTRA_37,G3_012_02,,1
G4_038_01,ae9d8b4f-f3fe-54dc-a57b-b2d12969f89a,Rahmonov Akmal,Akmal,Rahmonov,,M,2023-08-14,2023,,Guliston,Oquvchi,[TEST-ERXOTIN-LARGE] Katta test shajara uchun suniy yaratilgan profil. Node ID: G4_038_01.,G3S_EXTRA_38,G3_013_01,,1
G4_038_02,18aa7b77-403c-5fbe-9dd0-07ac03c17fd6,Rahmonova Aziza,Aziza,Rahmonova,,F,2025-09-15,2025,,Qoqon,Oquvchi,[TEST-ERXOTIN-LARGE] Katta test shajara uchun suniy yaratilgan profil. Node ID: G4_038_02.,G3S_EXTRA_38,G3_013_01,,1
G4_039_01,3b25e7ef-a674-5bd0-bdcb-65653bb42ab9,Karimova Dilorom,Dilorom,Karimova,,F,2021-10-16,2021,,Qoqon,Oquvchi,[TEST-ERXOTIN-LARGE] Katta test shajara uchun suniy yaratilgan profil. Node ID: G4_039_01.,G3_016_01,G3S_EXTRA_39,,1
G4_039_02,1b3d2ff3-adbe-5e32-bd6c-ccb968bbbcc0,Karimov Sirojiddin,Sirojiddin,Karimov,,M,2023-11-17,2023,,Fargona,Oquvchi,[TEST-ERXOTIN-LARGE] Katta test shajara uchun suniy yaratilgan profil. Node ID: G4_039_02.,G3_016_01,G3S_EXTRA_39,,1
G4_040_01,23967c34-ccff-53cf-ac95-c2e76ee00537,Sobirov Otabek,Otabek,Sobirov,,M,2025-12-18,2025,,Fargona,Oquvchi,[TEST-ERXOTIN-LARGE] Katta test shajara uchun suniy yaratilgan profil. Node ID: G4_040_01.,G3_016_03,G3S_EXTRA_40,,1
G4_040_02,afbf8a94-08c5-596f-b3f1-5b9ac36a3dcc,Sobirova Ruxshona,Ruxshona,Sobirova,,F,2025-01-19,2025,,Margilon,Oquvchi,[TEST-ERXOTIN-LARGE] Katta test shajara uchun suniy yaratilgan profil. Node ID: G4_040_02.,G3_016_03,G3S_EXTRA_40,,1
G4_041_01,634827d3-9c7c-5aab-ba5e-625aeeb2b760,Murodova Sarvinoz,Sarvinoz,Murodova,,F,2025-02-20,2025,,Margilon,Oquvchi,[TEST-ERXOTIN-LARGE] Katta test shajara uchun suniy yaratilgan profil. Node ID: G4_041_01.,G3_017_02,G3S_EXTRA_41,,1
G4_041_02,5cbb2a40-3247-52ec-b1df-553c529da146,Murodov Asadbek,Asadbek,Murodov,,M,2025-03-21,2025,,Toshkent,Oquvchi,[TEST-ERXOTIN-LARGE] Katta test shajara uchun suniy yaratilgan profil. Node ID: G4_041_02.,G3_017_02,G3S_EXTRA_41,,1
G4_042_01,0ac51cdb-efab-555a-aa80-11161f658ff4,Nurmatov Firdavs,Firdavs,Nurmatov,,M,2025-04-22,2025,,Toshkent,Oquvchi,[TEST-ERXOTIN-LARGE] Katta test shajara uchun suniy yaratilgan profil. Node ID: G4_042_01.,G3_018_01,G3S_EXTRA_42,,1
G4_042_02,5e37e969-63b3-5d79-a5a3-76a8ac42f8ee,Nurmatova Gavhar,Gavhar,Nurmatova,,F,2025-05-23,2025,,Andijon,Oquvchi,[TEST-ERXOTIN-LARGE] Katta test shajara uchun suniy yaratilgan profil. Node ID: G4_042_02.,G3_018_01,G3S_EXTRA_42,,1
G4_043_01,e2ac148a-6c81-589b-80e5-52640e59f194,Qodirova Madinabonu,Madinabonu,Qodirova,,F,2023-06-24,2023,,Andijon,Oquvchi,[TEST-ERXOTIN-LARGE] Katta test shajara uchun suniy yaratilgan profil. Node ID: G4_043_01.,G3S_EXTRA_43,G3_021_01,,1
G4_043_02,365135d4-e934-5b19-b1b8-9313e7b72021,Qodirov Zafar,Zafar,Qodirov,,M,2025-07-25,2025,,Namangan,Oquvchi,[TEST-ERXOTIN-LARGE] Katta test shajara uchun suniy yaratilgan profil. Node ID: G4_043_02.,G3S_EXTRA_43,G3_021_01,,1
G4_044_01,27d39007-9856-5e40-9607-a0f0eaf82539,Yusupov Behruz,Behruz,Yusupov,,M,2025-08-26,2025,,Namangan,Oquvchi,[TEST-ERXOTIN-LARGE] Katta test shajara uchun suniy yaratilgan profil. Node ID: G4_044_01.,G3_021_02,G3S_EXTRA_44,,1
G4_044_02,86581506-f82f-55a7-85a3-287bfe06f414,Yusupova Mohinur,Mohinur,Yusupova,,F,2025-09-27,2025,,Samarqand,Oquvchi,[TEST-ERXOTIN-LARGE] Katta test shajara uchun suniy yaratilgan profil. Node ID: G4_044_02.,G3_021_02,G3S_EXTRA_44,,1
G4_045_01,1e0d7777-8868-5531-aaab-c25d01c38cf2,Tursunova Zuhra,Zuhra,Tursunova,,F,2025-10-01,2025,,Samarqand,Oquvchi,[TEST-ERXOTIN-LARGE] Katta test shajara uchun suniy yaratilgan profil. Node ID: G4_045_01.,G3_022_01,G3S_EXTRA_45,,1
G4_045_02,0dd580a1-eb0d-5afb-b095-8208acd9641c,Tursunov Bekzod,Bekzod,Tursunov,,M,2025-11-02,2025,,Buxoro,Oquvchi,[TEST-ERXOTIN-LARGE] Katta test shajara uchun suniy yaratilgan profil. Node ID: G4_045_02.,G3_022_01,G3S_EXTRA_45,,1
