first_name,last_name,middle_name,full_name_custom,gender,birth_date,death_date,birth_place,death_place,occupation,biography,father_full_name,mother_full_name,spouse_full_name,address_country,address_region,address_district,address_city
Abdulla,Karimov,Azamat o‘g‘li,Demo100 001 — Karimov Abdulla,M,1931-02-02,,"Surxondaryo, Termiz shahri",,O‘qituvchi,Demo100 001 — Karimov Abdulla shajara loyihasini sinovdan o‘tkazish uchun CSV orqali kiritilgan demo shaxs.,,,Demo100 002 — Karimova Zaynab,O‘zbekiston,Surxondaryo,Termiz,Termiz shahri
Zaynab,Karimova,Azamat qizi,Demo100 002 — Karimova Zaynab,F,1935-03-03,,"Surxondaryo, Termiz shahri",,Tadbirkor,Demo100 002 — Karimova Zaynab shajara loyihasini sinovdan o‘tkazish uchun CSV orqali kiritilgan demo shaxs.,,,Demo100 001 — Karimov Abdulla,O‘zbekiston,Surxondaryo,Termiz,Termiz shahri
Husan,Karimov,Azamat o‘g‘li,Demo100 003 — Karimov Husan,M,1961-04-04,,"Surxondaryo, Termiz shahri",,Shifokor,Demo100 003 — Karimov Husan shajara loyihasini sinovdan o‘tkazish uchun CSV orqali kiritilgan demo shaxs.,Demo100 001 — Karimov Abdulla,Demo100 002 — Karimova Zaynab,Demo100 005 — Karimova Dilorom,O‘zbekiston,Surxondaryo,Termiz,Termiz shahri
Madina,Karimova,Azamat qizi,Demo100 004 — Karimova Madina,F,1962-05-05,,"Surxondaryo, Termiz shahri",,Muhandis,Demo100 004 — Karimova Madina shajara loyihasini sinovdan o‘tkazish uchun CSV orqali kiritilgan demo shaxs.,Demo100 001 — Karimov Abdulla,Demo100 002 — Karimova Zaynab,Demo100 008 — Karimov Bekzod,O‘zbekiston,Surxondaryo,Termiz,Termiz shahri
Dilorom,Karimova,Azamat qizi,Demo100 005 — Karimova Dilorom,F,1963-06-06,,"Surxondaryo, Termiz shahri",,Tadbirkor,Demo100 005 — Karimova Dilorom shajara loyihasini sinovdan o‘tkazish uchun CSV orqali kiritilgan demo shaxs.,,,Demo100 003 — Karimov Husan,O‘zbekiston,Surxondaryo,Termiz,Termiz shahri
Diyor,Karimov,Azamat o‘g‘li,Demo100 006 — Karimov Diyor,M,1991-07-07,,"Surxondaryo, Termiz shahri",,Talaba,Demo100 006 — Karimov Diyor shajara loyihasini sinovdan o‘tkazish uchun CSV orqali kiritilgan demo shaxs.,Demo100 003 — Karimov Husan,Demo100 005 — Karimova Dilorom,,O‘zbekiston,Surxondaryo,Termiz,Termiz shahri
Mavluda,Karimova,Azamat qizi,Demo100 007 — Karimova Mavluda,F,1992-08-08,,"Surxondaryo, Termiz shahri",,Usta,Demo100 007 — Karimova Mavluda shajara loyihasini sinovdan o‘tkazish uchun CSV orqali kiritilgan demo shaxs.,Demo100 003 — Karimov Husan,Demo100 005 — Karimova Dilorom,,O‘zbekiston,Surxondaryo,Termiz,Termiz shahri
Bekzod,Karimov,Azamat o‘g‘li,Demo100 008 — Karimov Bekzod,M,1964-09-09,,"Surxondaryo, Termiz shahri",,Fermer,Demo100 008 — Karimov Bekzod shajara loyihasini sinovdan o‘tkazish uchun CSV orqali kiritilgan demo shaxs.,,,Demo100 004 — Karimova Madina,O‘zbekiston,Surxondaryo,Termiz,Termiz shahri
Akmal,Karimov,Azamat o‘g‘li,Demo100 009 — Karimov Akmal,M,1992-10-10,,"Surxondaryo, Termiz shahri",,Usta,Demo100 009 — Karimov Akmal shajara loyihasini sinovdan o‘tkazish uchun CSV orqali kiritilgan demo shaxs.,Demo100 008 — Karimov Bekzod,Demo100 004 — Karimova Madina,,O‘zbekiston,Surxondaryo,Termiz,Termiz shahri
Nigora,Karimova,Azamat qizi,Demo100 010 — Karimova Nigora,F,1993-11-11,,"Surxondaryo, Termiz shahri",,Ilmiy xodim,Demo100 010 — Karimova Nigora shajara loyihasini sinovdan o‘tkazish uchun CSV orqali kiritilgan demo shaxs.,Demo100 008 — Karimov Bekzod,Demo100 004 — Karimova Madina,,O‘zbekiston,Surxondaryo,Termiz,Termiz shahri
Karim,Abdullayev,Azamat o‘g‘li,Demo100 011 — Abdullayev Karim,M,1932-12-12,,"Toshkent, Toshkent shahri",,O‘qituvchi,Demo100 011 — Abdullayev Karim shajara loyihasini sinovdan o‘tkazish uchun CSV orqali kiritilgan demo shaxs.,,,Demo100 012 — Abdullayeva Malika,O‘zbekiston,Toshkent,Yunusobod,Toshkent shahri
Malika,Abdullayeva,Azamat qizi,Demo100 012 — Abdullayeva Malika,F,1936-01-13,,"Toshkent, Toshkent shahri",,Tadbirkor,Demo100 012 — Abdullayeva Malika shajara loyihasini sinovdan o‘tkazish uchun CSV orqali kiritilgan demo shaxs.,,,Demo100 011 — Abdullayev Karim,O‘zbekiston,Toshkent,Yunusobod,Toshkent shahri
Murod,Abdullayev,Azamat o‘g‘li,Demo100 013 — Abdullayev Murod,M,1962-02-14,,"Toshkent, Toshkent shahri",,Muhandis,Demo100 013 — Abdullayev Murod shajara loyihasini sinovdan o‘tkazish uchun CSV orqali kiritilgan demo shaxs.,Demo100 011 — Abdullayev Karim,Demo100 012 — Abdullayeva Malika,Demo100 015 — Abdullayeva Shahnoza,O‘zbekiston,Toshkent,Yunusobod,Toshkent shahri
Sevara,Abdullayeva,Azamat qizi,Demo100 014 — Abdullayeva Sevara,F,1963-03-15,,"Toshkent, Toshkent shahri",,Dasturchi,Demo100 014 — Abdullayeva Sevara shajara loyihasini sinovdan o‘tkazish uchun CSV orqali kiritilgan demo shaxs.,Demo100 011 — Abdullayev Karim,Demo100 012 — Abdullayeva Malika,Demo100 018 — Abdullayev Sherzod,O‘zbekiston,Toshkent,Yunusobod,Toshkent shahri
Shahnoza,Abdullayeva,Azamat qizi,Demo100 015 — Abdullayeva Shahnoza,F,1964-04-16,,"Toshkent, Toshkent shahri",,Fermer,Demo100 015 — Abdullayeva Shahnoza shajara loyihasini sinovdan o‘tkazish uchun CSV orqali kiritilgan demo shaxs.,,,Demo100 013 — Abdullayev Murod,O‘zbekiston,Toshkent,Yunusobod,Toshkent shahri
Akmal,Abdullayev,Azamat o‘g‘li,Demo100 016 — Abdullayev Akmal,M,1992-05-17,,"Toshkent, Toshkent shahri",,Usta,Demo100 016 — Abdullayev Akmal shajara loyihasini sinovdan o‘tkazish uchun CSV orqali kiritilgan demo shaxs.,Demo100 013 — Abdullayev Murod,Demo100 015 — Abdullayeva Shahnoza,,O‘zbekiston,Toshkent,Yunusobod,Toshkent shahri
Nigora,Abdullayeva,Azamat qizi,Demo100 017 — Abdullayeva Nigora,F,1993-06-18,,"Toshkent, Toshkent shahri",,Ilmiy xodim,Demo100 017 — Abdullayeva Nigora shajara loyihasini sinovdan o‘tkazish uchun CSV orqali kiritilgan demo shaxs.,Demo100 013 — Abdullayev Murod,Demo100 015 — Abdullayeva Shahnoza,,O‘zbekiston,Toshkent,Yunusobod,Toshkent shahri
Sherzod,Abdullayev,Azamat o‘g‘li,Demo100 018 — Abdullayev Sherzod,M,1965-07-19,,"Toshkent, Toshkent shahri",,Huquqshunos,Demo100 018 — Abdullayev Sherzod shajara loyihasini sinovdan o‘tkazish uchun CSV orqali kiritilgan demo shaxs.,,,Demo100 014 — Abdullayeva Sevara,O‘zbekiston,Toshkent,Yunusobod,Toshkent shahri
Oybek,Abdullayev,Azamat o‘g‘li,Demo100 019 — Abdullayev Oybek,M,1993-08-20,,"Toshkent, Toshkent shahri",,Ilmiy xodim,Demo100 019 — Abdullayev Oybek shajara loyihasini sinovdan o‘tkazish uchun CSV orqali kiritilgan demo shaxs.,Demo100 018 — Abdullayev Sherzod,Demo100 014 — Abdullayeva Sevara,,O‘zbekiston,Toshkent,Yunusobod,Toshkent shahri
Mohira,Abdullayeva,Azamat qizi,Demo100 020 — Abdullayeva Mohira,F,1994-09-21,,"Toshkent, Toshkent shahri",,O‘qituvchi,Demo100 020 — Abdullayeva Mohira shajara loyihasini sinovdan o‘tkazish uchun CSV orqali kiritilgan demo shaxs.,Demo100 018 — Abdullayev Sherzod,Demo100 014 — Abdullayeva Sevara,,O‘zbekiston,Toshkent,Yunusobod,Toshkent shahri
Hasan,Tursunov,Azamat o‘g‘li,Demo100 021 — Tursunov Hasan,M,1933-10-22,,"Samarqand, Samarqand shahri",,O‘qituvchi,Demo100 021 — Tursunov Hasan shajara loyihasini sinovdan o‘tkazish uchun CSV orqali kiritilgan demo shaxs.,,,Demo100 022 — Tursunova Dilnoza,O‘zbekiston,Samarqand,Samarqand,Samarqand shahri
Dilnoza,Tursunova,Azamat qizi,Demo100 022 — Tursunova Dilnoza,F,1937-11-23,,"Samarqand, Samarqand shahri",,Tadbirkor,Demo100 022 — Tursunova Dilnoza shajara loyihasini sinovdan o‘tkazish uchun CSV orqali kiritilgan demo shaxs.,,,Demo100 021 — Tursunov Hasan,O‘zbekiston,Samarqand,Samarqand,Samarqand shahri
Sardor,Tursunov,Azamat o‘g‘li,Demo100 023 — Tursunov Sardor,M,1963-12-24,,"Samarqand, Samarqand shahri",,Dasturchi,Demo100 023 — Tursunov Sardor shajara loyihasini sinovdan o‘tkazish uchun CSV orqali kiritilgan demo shaxs.,Demo100 021 — Tursunov Hasan,Demo100 022 — Tursunova Dilnoza,Demo100 025 — Tursunova Munisa,O‘zbekiston,Samarqand,Samarqand,Samarqand shahri
Nodira,Tursunova,Azamat qizi,Demo100 024 — Tursunova Nodira,F,1964-01-25,,"Samarqand, Samarqand shahri",,Tadbirkor,Demo100 024 — Tursunova Nodira shajara loyihasini sinovdan o‘tkazish uchun CSV orqali kiritilgan demo shaxs.,Demo100 021 — Tursunov Hasan,Demo100 022 — Tursunova Dilnoza,Demo100 028 — Tursunov Jamshid,O‘zbekiston,Samarqand,Samarqand,Samarqand shahri
Munisa,Tursunova,Azamat qizi,Demo100 025 — Tursunova Munisa,F,1965-02-26,,"Samarqand, Samarqand shahri",,Huquqshunos,Demo100 025 — Tursunova Munisa shajara loyihasini sinovdan o‘tkazish uchun CSV orqali kiritilgan demo shaxs.,,,Demo100 023 — Tursunov Sardor,O‘zbekiston,Samarqand,Samarqand,Samarqand shahri
Oybek,Tursunov,Azamat o‘g‘li,Demo100 026 — Tursunov Oybek,M,1993-03-01,,"Samarqand, Samarqand shahri",,Ilmiy xodim,Demo100 026 — Tursunov Oybek shajara loyihasini sinovdan o‘tkazish uchun CSV orqali kiritilgan demo shaxs.,Demo100 023 — Tursunov Sardor,Demo100 025 — Tursunova Munisa,,O‘zbekiston,Samarqand,Samarqand,Samarqand shahri
Mohira,Tursunova,Azamat qizi,Demo100 027 — Tursunova Mohira,F,1994-04-02,,"Samarqand, Samarqand shahri",,O‘qituvchi,Demo100 027 — Tursunova Mohira shajara loyihasini sinovdan o‘tkazish uchun CSV orqali kiritilgan demo shaxs.,Demo100 023 — Tursunov Sardor,Demo100 025 — Tursunova Munisa,,O‘zbekiston,Samarqand,Samarqand,Samarqand shahri
Jamshid,Tursunov,Azamat o‘g‘li,Demo100 028 — Tursunov Jamshid,M,1966-05-03,,"Samarqand, Samarqand shahri",,Talaba,Demo100 028 — Tursunov Jamshid shajara loyihasini sinovdan o‘tkazish uchun CSV orqali kiritilgan demo shaxs.,,,Demo100 024 — Tursunova Nodira,O‘zbekiston,Samarqand,Samarqand,Samarqand shahri
Ulug‘bek,Tursunov,Azamat o‘g‘li,Demo100 029 — Tursunov Ulug‘bek,M,1994-06-04,,"Samarqand, Samarqand shahri",,O‘qituvchi,Demo100 029 — Tursunov Ulug‘bek shajara loyihasini sinovdan o‘tkazish uchun CSV orqali kiritilgan demo shaxs.,Demo100 028 — Tursunov Jamshid,Demo100 024 — Tursunova Nodira,,O‘zbekiston,Samarqand,Samarqand,Samarqand shahri
Rayhona,Tursunova,Azamat qizi,Demo100 030 — Tursunova Rayhona,F,1995-07-05,,"Samarqand, Samarqand shahri",,Shifokor,Demo100 030 — Tursunova Rayhona shajara loyihasini sinovdan o‘tkazish uchun CSV orqali kiritilgan demo shaxs.,Demo100 028 — Tursunov Jamshid,Demo100 024 — Tursunova Nodira,,O‘zbekiston,Samarqand,Samarqand,Samarqand shahri
Husan,Rahimov,Azamat o‘g‘li,Demo100 031 — Rahimov Husan,M,1934-08-06,,"Buxoro, Buxoro shahri",,O‘qituvchi,Demo100 031 — Rahimov Husan shajara loyihasini sinovdan o‘tkazish uchun CSV orqali kiritilgan demo shaxs.,,,Demo100 032 — Rahimova Gulnoza,O‘zbekiston,Buxoro,Buxoro,Buxoro shahri
Gulnoza,Rahimova,Azamat qizi,Demo100 032 — Rahimova Gulnoza,F,1938-09-07,,"Buxoro, Buxoro shahri",,Tadbirkor,Demo100 032 — Rahimova Gulnoza shajara loyihasini sinovdan o‘tkazish uchun CSV orqali kiritilgan demo shaxs.,,,Demo100 031 — Rahimov Husan,O‘zbekiston,Buxoro,Buxoro,Buxoro shahri
Javohir,Rahimov,Azamat o‘g‘li,Demo100 033 — Rahimov Javohir,M,1964-10-08,,"Buxoro, Buxoro shahri",,Tadbirkor,Demo100 033 — Rahimov Javohir shajara loyihasini sinovdan o‘tkazish uchun CSV orqali kiritilgan demo shaxs.,Demo100 031 — Rahimov Husan,Demo100 032 — Rahimova Gulnoza,Demo100 035 — Rahimova Feruza,O‘zbekiston,Buxoro,Buxoro,Buxoro shahri
Dilorom,Rahimova,Azamat qizi,Demo100 034 — Rahimova Dilorom,F,1965-11-09,,"Buxoro, Buxoro shahri",,Fermer,Demo100 034 — Rahimova Dilorom shajara loyihasini sinovdan o‘tkazish uchun CSV orqali kiritilgan demo shaxs.,Demo100 031 — Rahimov Husan,Demo100 032 — Rahimova Gulnoza,Demo100 038 — Rahimov Diyor,O‘zbekiston,Buxoro,Buxoro,Buxoro shahri
Feruza,Rahimova,Azamat qizi,Demo100 035 — Rahimova Feruza,F,1966-12-10,,"Buxoro, Buxoro shahri",,Talaba,Demo100 035 — Rahimova Feruza shajara loyihasini sinovdan o‘tkazish uchun CSV orqali kiritilgan demo shaxs.,,,Demo100 033 — Rahimov Javohir,O‘zbekiston,Buxoro,Buxoro,Buxoro shahri
Ulug‘bek,Rahimov,Azamat o‘g‘li,Demo100 036 — Rahimov Ulug‘bek,M,1994-01-11,,"Buxoro, Buxoro shahri",,O‘qituvchi,Demo100 036 — Rahimov Ulug‘bek shajara loyihasini sinovdan o‘tkazish uchun CSV orqali kiritilgan demo shaxs.,Demo100 033 — Rahimov Javohir,Demo100 035 — Rahimova Feruza,,O‘zbekiston,Buxoro,Buxoro,Buxoro shahri
Rayhona,Rahimova,Azamat qizi,Demo100 037 — Rahimova Rayhona,F,1995-02-12,,"Buxoro, Buxoro shahri",,Shifokor,Demo100 037 — Rahimova Rayhona shajara loyihasini sinovdan o‘tkazish uchun CSV orqali kiritilgan demo shaxs.,Demo100 033 — Rahimov Javohir,Demo100 035 — Rahimova Feruza,,O‘zbekiston,Buxoro,Buxoro,Buxoro shahri
Diyor,Rahimov,Azamat o‘g‘li,Demo100 038 — Rahimov Diyor,M,1967-03-13,,"Buxoro, Buxoro shahri",,Usta,Demo100 038 — Rahimov Diyor shajara loyihasini sinovdan o‘tkazish uchun CSV orqali kiritilgan demo shaxs.,,,Demo100 034 — Rahimova Dilorom,O‘zbekiston,Buxoro,Buxoro,Buxoro shahri
Shahboz,Rahimov,Azamat o‘g‘li,Demo100 039 — Rahimov Shahboz,M,1995-04-14,,"Buxoro, Buxoro shahri",,Shifokor,Demo100 039 — Rahimov Shahboz shajara loyihasini sinovdan o‘tkazish uchun CSV orqali kiritilgan demo shaxs.,Demo100 038 — Rahimov Diyor,Demo100 034 — Rahimova Dilorom,,O‘zbekiston,Buxoro,Buxoro,Buxoro shahri
Umida,Rahimova,Azamat qizi,Demo100 040 — Rahimova Umida,F,1996-05-15,,"Buxoro, Buxoro shahri",,Muhandis,Demo100 040 — Rahimova Umida shajara loyihasini sinovdan o‘tkazish uchun CSV orqali kiritilgan demo shaxs.,Demo100 038 — Rahimov Diyor,Demo100 034 — Rahimova Dilorom,,O‘zbekiston,Buxoro,Buxoro,Buxoro shahri
Murod,Norboyev,Azamat o‘g‘li,Demo100 041 — Norboyev Murod,M,1935-06-16,,"Farg‘ona, Marg‘ilon shahri",,O‘qituvchi,Demo100 041 — Norboyev Murod shajara loyihasini sinovdan o‘tkazish uchun CSV orqali kiritilgan demo shaxs.,,,Demo100 042 — Norboyeva Madina,O‘zbekiston,Farg‘ona,Marg‘ilon,Marg‘ilon shahri
Madina,Norboyeva,Azamat qizi,Demo100 042 — Norboyeva Madina,F,1939-07-17,,"Farg‘ona, Marg‘ilon shahri",,Tadbirkor,Demo100 042 — Norboyeva Madina shajara loyihasini sinovdan o‘tkazish uchun CSV orqali kiritilgan demo shaxs.,,,Demo100 041 — Norboyev Murod,O‘zbekiston,Farg‘ona,Marg‘ilon,Marg‘ilon shahri
Aziz,Norboyev,Azamat o‘g‘li,Demo100 043 — Norboyev Aziz,M,1965-08-18,,"Farg‘ona, Marg‘ilon shahri",,Fermer,Demo100 043 — Norboyev Aziz shajara loyihasini sinovdan o‘tkazish uchun CSV orqali kiritilgan demo shaxs.,Demo100 041 — Norboyev Murod,Demo100 042 — Norboyeva Madina,Demo100 045 — Norboyeva Lola,O‘zbekiston,Farg‘ona,Marg‘ilon,Marg‘ilon shahri
Shahnoza,Norboyeva,Azamat qizi,Demo100 044 — Norboyeva Shahnoza,F,1966-09-19,,"Farg‘ona, Marg‘ilon shahri",,Huquqshunos,Demo100 044 — Norboyeva Shahnoza shajara loyihasini sinovdan o‘tkazish uchun CSV orqali kiritilgan demo shaxs.,Demo100 041 — Norboyev Murod,Demo100 042 — Norboyeva Madina,Demo100 048 — Norboyev Akmal,O‘zbekiston,Farg‘ona,Marg‘ilon,Marg‘ilon shahri
Lola,Norboyeva,Azamat qizi,Demo100 045 — Norboyeva Lola,F,1967-10-20,,"Farg‘ona, Marg‘ilon shahri",,Usta,Demo100 045 — Norboyeva Lola shajara loyihasini sinovdan o‘tkazish uchun CSV orqali kiritilgan demo shaxs.,,,Demo100 043 — Norboyev Aziz,O‘zbekiston,Farg‘ona,Marg‘ilon,Marg‘ilon shahri
Shahboz,Norboyev,Azamat o‘g‘li,Demo100 046 — Norboyev Shahboz,M,1995-11-21,,"Farg‘ona, Marg‘ilon shahri",,Shifokor,Demo100 046 — Norboyev Shahboz shajara loyihasini sinovdan o‘tkazish uchun CSV orqali kiritilgan demo shaxs.,Demo100 043 — Norboyev Aziz,Demo100 045 — Norboyeva Lola,,O‘zbekiston,Farg‘ona,Marg‘ilon,Marg‘ilon shahri
Umida,Norboyeva,Azamat qizi,Demo100 047 — Norboyeva Umida,F,1996-12-22,,"Farg‘ona, Marg‘ilon shahri",,Muhandis,Demo100 047 — Norboyeva Umida shajara loyihasini sinovdan o‘tkazish uchun CSV orqali kiritilgan demo shaxs.,Demo100 043 — Norboyev Aziz,Demo100 045 — Norboyeva Lola,,O‘zbekiston,Farg‘ona,Marg‘ilon,Marg‘ilon shahri
Akmal,Norboyev,Azamat o‘g‘li,Demo100 048 — Norboyev Akmal,M,1968-01-23,,"Farg‘ona, Marg‘ilon shahri",,Ilmiy xodim,Demo100 048 — Norboyev Akmal shajara loyihasini sinovdan o‘tkazish uchun CSV orqali kiritilgan demo shaxs.,,,Demo100 044 — Norboyeva Shahnoza,O‘zbekiston,Farg‘ona,Marg‘ilon,Marg‘ilon shahri
Nodir,Norboyev,Azamat o‘g‘li,Demo100 049 — Norboyev Nodir,M,1996-02-24,,"Farg‘ona, Marg‘ilon shahri",,Muhandis,Demo100 049 — Norboyev Nodir shajara loyihasini sinovdan o‘tkazish uchun CSV orqali kiritilgan demo shaxs.,Demo100 048 — Norboyev Akmal,Demo100 044 — Norboyeva Shahnoza,,O‘zbekiston,Farg‘ona,Marg‘ilon,Marg‘ilon shahri
Saida,Norboyeva,Azamat qizi,Demo100 050 — Norboyeva Saida,F,1997-03-25,,"Farg‘ona, Marg‘ilon shahri",,Dasturchi,Demo100 050 — Norboyeva Saida shajara loyihasini sinovdan o‘tkazish uchun CSV orqali kiritilgan demo shaxs.,Demo100 048 — Norboyev Akmal,Demo100 044 — Norboyeva Shahnoza,,O‘zbekiston,Farg‘ona,Marg‘ilon,Marg‘ilon shahri
Sardor,Eshonqulov,Azamat o‘g‘li,Demo100 051 — Eshonqulov Sardor,M,1936-04-26,,"Surxondaryo, Termiz shahri",,O‘qituvchi,Demo100 051 — Eshonqulov Sardor shajara loyihasini sinovdan o‘tkazish uchun CSV orqali kiritilgan demo shaxs.,,,Demo100 052 — Eshonqulova Sevara,O‘zbekiston,Surxondaryo,Termiz,Termiz shahri
Sevara,Eshonqulova,Azamat qizi,Demo100 052 — Eshonqulova Sevara,F,1940-05-01,,"Surxondaryo, Termiz shahri",,Tadbirkor,Demo100 052 — Eshonqulova Sevara shajara loyihasini sinovdan o‘tkazish uchun CSV orqali kiritilgan demo shaxs.,,,Demo100 051 — Eshonqulov Sardor,O‘zbekiston,Surxondaryo,Termiz,Termiz shahri
Bekzod,Eshonqulov,Azamat o‘g‘li,Demo100 053 — Eshonqulov Bekzod,M,1966-06-02,,"Surxondaryo, Termiz shahri",,Huquqshunos,Demo100 053 — Eshonqulov Bekzod shajara loyihasini sinovdan o‘tkazish uchun CSV orqali kiritilgan demo shaxs.,Demo100 051 — Eshonqulov Sardor,Demo100 052 — Eshonqulova Sevara,Demo100 055 — Eshonqulova Mavluda,O‘zbekiston,Surxondaryo,Termiz,Termiz shahri
Munisa,Eshonqulova,Azamat qizi,Demo100 054 — Eshonqulova Munisa,F,1967-07-03,,"Surxondaryo, Termiz shahri",,Talaba,Demo100 054 — Eshonqulova Munisa shajara loyihasini sinovdan o‘tkazish uchun CSV orqali kiritilgan demo shaxs.,Demo100 051 — Eshonqulov Sardor,Demo100 052 — Eshonqulova Sevara,Demo100 058 — Eshonqulov Oybek,O‘zbekiston,Surxondaryo,Termiz,Termiz shahri
Mavluda,Eshonqulova,Azamat qizi,Demo100 055 — Eshonqulova Mavluda,F,1968-08-04,,"Surxondaryo, Termiz shahri",,Ilmiy xodim,Demo100 055 — Eshonqulova Mavluda shajara loyihasini sinovdan o‘tkazish uchun CSV orqali kiritilgan demo shaxs.,,,Demo100 053 — Eshonqulov Bekzod,O‘zbekiston,Surxondaryo,Termiz,Termiz shahri
Nodir,Eshonqulov,Azamat o‘g‘li,Demo100 056 — Eshonqulov Nodir,M,1996-09-05,,"Surxondaryo, Termiz shahri",,Muhandis,Demo100 056 — Eshonqulov Nodir shajara loyihasini sinovdan o‘tkazish uchun CSV orqali kiritilgan demo shaxs.,Demo100 053 — Eshonqulov Bekzod,Demo100 055 — Eshonqulova Mavluda,,O‘zbekiston,Surxondaryo,Termiz,Termiz shahri
Saida,Eshonqulova,Azamat qizi,Demo100 057 — Eshonqulova Saida,F,1997-10-06,,"Surxondaryo, Termiz shahri",,Dasturchi,Demo100 057 — Eshonqulova Saida shajara loyihasini sinovdan o‘tkazish uchun CSV orqali kiritilgan demo shaxs.,Demo100 053 — Eshonqulov Bekzod,Demo100 055 — Eshonqulova Mavluda,,O‘zbekiston,Surxondaryo,Termiz,Termiz shahri
Oybek,Eshonqulov,Azamat o‘g‘li,Demo100 058 — Eshonqulov Oybek,M,1969-11-07,,"Surxondaryo, Termiz shahri",,O‘qituvchi,Demo100 058 — Eshonqulov Oybek shajara loyihasini sinovdan o‘tkazish uchun CSV orqali kiritilgan demo shaxs.,,,Demo100 054 — Eshonqulova Munisa,O‘zbekiston,Surxondaryo,Termiz,Termiz shahri
Temur,Eshonqulov,Azamat o‘g‘li,Demo100 059 — Eshonqulov Temur,M,1997-12-08,,"Surxondaryo, Termiz shahri",,Dasturchi,Demo100 059 — Eshonqulov Temur shajara loyihasini sinovdan o‘tkazish uchun CSV orqali kiritilgan demo shaxs.,Demo100 058 — Eshonqulov Oybek,Demo100 054 — Eshonqulova Munisa,,O‘zbekiston,Surxondaryo,Termiz,Termiz shahri
Aziza,Eshonqulova,Azamat qizi,Demo100 060 — Eshonqulova Aziza,F,1998-01-09,,"Surxondaryo, Termiz shahri",,Tadbirkor,Demo100 060 — Eshonqulova Aziza shajara loyihasini sinovdan o‘tkazish uchun CSV orqali kiritilgan demo shaxs.,Demo100 058 — Eshonqulov Oybek,Demo100 054 — Eshonqulova Munisa,,O‘zbekiston,Surxondaryo,Termiz,Termiz shahri
Javohir,Saidov,Azamat o‘g‘li,Demo100 061 — Saidov Javohir,M,1937-02-10,,"Toshkent, Toshkent shahri",,O‘qituvchi,Demo100 061 — Saidov Javohir shajara loyihasini sinovdan o‘tkazish uchun CSV orqali kiritilgan demo shaxs.,,,Demo100 062 — Saidova Nodira,O‘zbekiston,Toshkent,Yunusobod,Toshkent shahri
Nodira,Saidova,Azamat qizi,Demo100 062 — Saidova Nodira,F,1941-03-11,,"Toshkent, Toshkent shahri",,Tadbirkor,Demo100 062 — Saidova Nodira shajara loyihasini sinovdan o‘tkazish uchun CSV orqali kiritilgan demo shaxs.,,,Demo100 061 — Saidov Javohir,O‘zbekiston,Toshkent,Yunusobod,Toshkent shahri
Sherzod,Saidov,Azamat o‘g‘li,Demo100 063 — Saidov Sherzod,M,1967-04-12,,"Toshkent, Toshkent shahri",,Talaba,Demo100 063 — Saidov Sherzod shajara loyihasini sinovdan o‘tkazish uchun CSV orqali kiritilgan demo shaxs.,Demo100 061 — Saidov Javohir,Demo100 062 — Saidova Nodira,Demo100 065 — Saidova Nigora,O‘zbekiston,Toshkent,Yunusobod,Toshkent shahri
Feruza,Saidova,Azamat qizi,Demo100 064 — Saidova Feruza,F,1968-05-13,,"Toshkent, Toshkent shahri",,Usta,Demo100 064 — Saidova Feruza shajara loyihasini sinovdan o‘tkazish uchun CSV orqali kiritilgan demo shaxs.,Demo100 061 — Saidov Javohir,Demo100 062 — Saidova Nodira,Demo100 068 — Saidov Ulug‘bek,O‘zbekiston,Toshkent,Yunusobod,Toshkent shahri
Nigora,Saidova,Azamat qizi,Demo100 065 — Saidova Nigora,F,1969-06-14,,"Toshkent, Toshkent shahri",,O‘qituvchi,Demo100 065 — Saidova Nigora shajara loyihasini sinovdan o‘tkazish uchun CSV orqali kiritilgan demo shaxs.,,,Demo100 063 — Saidov Sherzod,O‘zbekiston,Toshkent,Yunusobod,Toshkent shahri
Temur,Saidov,Azamat o‘g‘li,Demo100 066 — Saidov Temur,M,1997-07-15,,"Toshkent, Toshkent shahri",,Dasturchi,Demo100 066 — Saidov Temur shajara loyihasini sinovdan o‘tkazish uchun CSV orqali kiritilgan demo shaxs.,Demo100 063 — Saidov Sherzod,Demo100 065 — Saidova Nigora,,O‘zbekiston,Toshkent,Yunusobod,Toshkent shahri
Aziza,Saidova,Azamat qizi,Demo100 067 — Saidova Aziza,F,1998-08-16,,"Toshkent, Toshkent shahri",,Tadbirkor,Demo100 067 — Saidova Aziza shajara loyihasini sinovdan o‘tkazish uchun CSV orqali kiritilgan demo shaxs.,Demo100 063 — Saidov Sherzod,Demo100 065 — Saidova Nigora,,O‘zbekiston,Toshkent,Yunusobod,Toshkent shahri
Ulug‘bek,Saidov,Azamat o‘g‘li,Demo100 068 — Saidov Ulug‘bek,M,1970-09-17,,"Toshkent, Toshkent shahri",,Shifokor,Demo100 068 — Saidov Ulug‘bek shajara loyihasini sinovdan o‘tkazish uchun CSV orqali kiritilgan demo shaxs.,,,Demo100 064 — Saidova Feruza,O‘zbekiston,Toshkent,Yunusobod,Toshkent shahri
Asad,Saidov,Azamat o‘g‘li,Demo100 069 — Saidov Asad,M,1998-10-18,,"Toshkent, Toshkent shahri",,Tadbirkor,Demo100 069 — Saidov Asad shajara loyihasini sinovdan o‘tkazish uchun CSV orqali kiritilgan demo shaxs.,Demo100 068 — Saidov Ulug‘bek,Demo100 064 — Saidova Feruza,,O‘zbekiston,Toshkent,Yunusobod,Toshkent shahri
Gulsara,Saidova,Azamat qizi,Demo100 070 — Saidova Gulsara,F,1999-11-19,,"Toshkent, Toshkent shahri",,Fermer,Demo100 070 — Saidova Gulsara shajara loyihasini sinovdan o‘tkazish uchun CSV orqali kiritilgan demo shaxs.,Demo100 068 — Saidov Ulug‘bek,Demo100 064 — Saidova Feruza,,O‘zbekiston,Toshkent,Yunusobod,Toshkent shahri
Aziz,Qodirov,Azamat o‘g‘li,Demo100 071 — Qodirov Aziz,M,1938-12-20,,"Samarqand, Samarqand shahri",,O‘qituvchi,Demo100 071 — Qodirov Aziz shajara loyihasini sinovdan o‘tkazish uchun CSV orqali kiritilgan demo shaxs.,,,Demo100 072 — Qodirova Dilorom,O‘zbekiston,Samarqand,Samarqand,Samarqand shahri
Dilorom,Qodirova,Azamat qizi,Demo100 072 — Qodirova Dilorom,F,1942-01-21,,"Samarqand, Samarqand shahri",,Tadbirkor,Demo100 072 — Qodirova Dilorom shajara loyihasini sinovdan o‘tkazish uchun CSV orqali kiritilgan demo shaxs.,,,Demo100 071 — Qodirov Aziz,O‘zbekiston,Samarqand,Samarqand,Samarqand shahri
Jamshid,Qodirov,Azamat o‘g‘li,Demo100 073 — Qodirov Jamshid,M,1968-02-22,,"Samarqand, Samarqand shahri",,Usta,Demo100 073 — Qodirov Jamshid shajara loyihasini sinovdan o‘tkazish uchun CSV orqali kiritilgan demo shaxs.,Demo100 071 — Qodirov Aziz,Demo100 072 — Qodirova Dilorom,Demo100 075 — Qodirova Mohira,O‘zbekiston,Samarqand,Samarqand,Samarqand shahri
Lola,Qodirova,Azamat qizi,Demo100 074 — Qodirova Lola,F,1969-03-23,,"Samarqand, Samarqand shahri",,Ilmiy xodim,Demo100 074 — Qodirova Lola shajara loyihasini sinovdan o‘tkazish uchun CSV orqali kiritilgan demo shaxs.,Demo100 071 — Qodirov Aziz,Demo100 072 — Qodirova Dilorom,Demo100 078 — Qodirov Shahboz,O‘zbekiston,Samarqand,Samarqand,Samarqand shahri
Mohira,Qodirova,Azamat qizi,Demo100 075 — Qodirova Mohira,F,1970-04-24,,"Samarqand, Samarqand shahri",,Shifokor,Demo100 075 — Qodirova Mohira shajara loyihasini sinovdan o‘tkazish uchun CSV orqali kiritilgan demo shaxs.,,,Demo100 073 — Qodirov Jamshid,O‘zbekiston,Samarqand,Samarqand,Samarqand shahri
Asad,Qodirov,Azamat o‘g‘li,Demo100 076 — Qodirov Asad,M,1998-05-25,,"Samarqand, Samarqand shahri",,Tadbirkor,Demo100 076 — Qodirov Asad shajara loyihasini sinovdan o‘tkazish uchun CSV orqali kiritilgan demo shaxs.,Demo100 073 — Qodirov Jamshid,Demo100 075 — Qodirova Mohira,,O‘zbekiston,Samarqand,Samarqand,Samarqand shahri
Gulsara,Qodirova,Azamat qizi,Demo100 077 — Qodirova Gulsara,F,1999-06-26,,"Samarqand, Samarqand shahri",,Fermer,Demo100 077 — Qodirova Gulsara shajara loyihasini sinovdan o‘tkazish uchun CSV orqali kiritilgan demo shaxs.,Demo100 073 — Qodirov Jamshid,Demo100 075 — Qodirova Mohira,,O‘zbekiston,Samarqand,Samarqand,Samarqand shahri
Shahboz,Qodirov,Azamat o‘g‘li,Demo100 078 — Qodirov Shahboz,M,1971-07-01,,"Samarqand, Samarqand shahri",,Muhandis,Demo100 078 — Qodirov Shahboz shajara loyihasini sinovdan o‘tkazish uchun CSV orqali kiritilgan demo shaxs.,,,Demo100 074 — Qodirova Lola,O‘zbekiston,Samarqand,Samarqand,Samarqand shahri
Rustam,Qodirov,Azamat o‘g‘li,Demo100 079 — Qodirov Rustam,M,1999-08-02,,"Samarqand, Samarqand shahri",,Fermer,Demo100 079 — Qodirov Rustam shajara loyihasini sinovdan o‘tkazish uchun CSV orqali kiritilgan demo shaxs.,Demo100 078 — Qodirov Shahboz,Demo100 074 — Qodirova Lola,,O‘zbekiston,Samarqand,Samarqand,Samarqand shahri
Zaynab,Qodirova,Azamat qizi,Demo100 080 — Qodirova Zaynab,F,2000-09-03,,"Samarqand, Samarqand shahri",,Huquqshunos,Demo100 080 — Qodirova Zaynab shajara loyihasini sinovdan o‘tkazish uchun CSV orqali kiritilgan demo shaxs.,Demo100 078 — Qodirov Shahboz,Demo100 074 — Qodirova Lola,,O‘zbekiston,Samarqand,Samarqand,Samarqand shahri
Bekzod,Aliyev,Azamat o‘g‘li,Demo100 081 — Aliyev Bekzod,M,1939-10-04,,"Buxoro, Buxoro shahri",,O‘qituvchi,Demo100 081 — Aliyev Bekzod shajara loyihasini sinovdan o‘tkazish uchun CSV orqali kiritilgan demo shaxs.,,,Demo100 082 — Aliyeva Shahnoza,O‘zbekiston,Buxoro,Buxoro,Buxoro shahri
Shahnoza,Aliyeva,Azamat qizi,Demo100 082 — Aliyeva Shahnoza,F,1943-11-05,,"Buxoro, Buxoro shahri",,Tadbirkor,Demo100 082 — Aliyeva Shahnoza shajara loyihasini sinovdan o‘tkazish uchun CSV orqali kiritilgan demo shaxs.,,,Demo100 081 — Aliyev Bekzod,O‘zbekiston,Buxoro,Buxoro,Buxoro shahri
Diyor,Aliyev,Azamat o‘g‘li,Demo100 083 — Aliyev Diyor,M,1969-12-06,,"Buxoro, Buxoro shahri",,Ilmiy xodim,Demo100 083 — Aliyev Diyor shajara loyihasini sinovdan o‘tkazish uchun CSV orqali kiritilgan demo shaxs.,Demo100 081 — Aliyev Bekzod,Demo100 082 — Aliyeva Shahnoza,Demo100 085 — Aliyeva Rayhona,O‘zbekiston,Buxoro,Buxoro,Buxoro shahri
Mavluda,Aliyeva,Azamat qizi,Demo100 084 — Aliyeva Mavluda,F,1970-01-07,,"Buxoro, Buxoro shahri",,O‘qituvchi,Demo100 084 — Aliyeva Mavluda shajara loyihasini sinovdan o‘tkazish uchun CSV orqali kiritilgan demo shaxs.,Demo100 081 — Aliyev Bekzod,Demo100 082 — Aliyeva Shahnoza,Demo100 088 — Aliyev Nodir,O‘zbekiston,Buxoro,Buxoro,Buxoro shahri
Rayhona,Aliyeva,Azamat qizi,Demo100 085 — Aliyeva Rayhona,F,1971-02-08,,"Buxoro, Buxoro shahri",,Muhandis,Demo100 085 — Aliyeva Rayhona shajara loyihasini sinovdan o‘tkazish uchun CSV orqali kiritilgan demo shaxs.,,,Demo100 083 — Aliyev Diyor,O‘zbekiston,Buxoro,Buxoro,Buxoro shahri
Rustam,Aliyev,Azamat o‘g‘li,Demo100 086 — Aliyev Rustam,M,1999-03-09,,"Buxoro, Buxoro shahri",,Fermer,Demo100 086 — Aliyev Rustam shajara loyihasini sinovdan o‘tkazish uchun CSV orqali kiritilgan demo shaxs.,Demo100 083 — Aliyev Diyor,Demo100 085 — Aliyeva Rayhona,,O‘zbekiston,Buxoro,Buxoro,Buxoro shahri
Zaynab,Aliyeva,Azamat qizi,Demo100 087 — Aliyeva Zaynab,F,2000-04-10,,"Buxoro, Buxoro shahri",,Huquqshunos,Demo100 087 — Aliyeva Zaynab shajara loyihasini sinovdan o‘tkazish uchun CSV orqali kiritilgan demo shaxs.,Demo100 083 — Aliyev Diyor,Demo100 085 — Aliyeva Rayhona,,O‘zbekiston,Buxoro,Buxoro,Buxoro shahri
Nodir,Aliyev,Azamat o‘g‘li,Demo100 088 — Aliyev Nodir,M,1972-05-11,,"Buxoro, Buxoro shahri",,Dasturchi,Demo100 088 — Aliyev Nodir shajara loyihasini sinovdan o‘tkazish uchun CSV orqali kiritilgan demo shaxs.,,,Demo100 084 — Aliyeva Mavluda,O‘zbekiston,Buxoro,Buxoro,Buxoro shahri
Abdulla,Aliyev,Azamat o‘g‘li,Demo100 089 — Aliyev Abdulla,M,2000-06-12,,"Buxoro, Buxoro shahri",,Huquqshunos,Demo100 089 — Aliyev Abdulla shajara loyihasini sinovdan o‘tkazish uchun CSV orqali kiritilgan demo shaxs.,Demo100 088 — Aliyev Nodir,Demo100 084 — Aliyeva Mavluda,,O‘zbekiston,Buxoro,Buxoro,Buxoro shahri
Malika,Aliyeva,Azamat qizi,Demo100 090 — Aliyeva Malika,F,2001-07-13,,"Buxoro, Buxoro shahri",,Talaba,Demo100 090 — Aliyeva Malika shajara loyihasini sinovdan o‘tkazish uchun CSV orqali kiritilgan demo shaxs.,Demo100 088 — Aliyev Nodir,Demo100 084 — Aliyeva Mavluda,,O‘zbekiston,Buxoro,Buxoro,Buxoro shahri
Sherzod,Umarov,Azamat o‘g‘li,Demo100 091 — Umarov Sherzod,M,1940-08-14,,"Farg‘ona, Marg‘ilon shahri",,O‘qituvchi,Demo100 091 — Umarov Sherzod shajara loyihasini sinovdan o‘tkazish uchun CSV orqali kiritilgan demo shaxs.,,,Demo100 092 — Umarova Munisa,O‘zbekiston,Farg‘ona,Marg‘ilon,Marg‘ilon shahri
Munisa,Umarova,Azamat qizi,Demo100 092 — Umarova Munisa,F,1944-09-15,,"Farg‘ona, Marg‘ilon shahri",,Tadbirkor,Demo100 092 — Umarova Munisa shajara loyihasini sinovdan o‘tkazish uchun CSV orqali kiritilgan demo shaxs.,,,Demo100 091 — Umarov Sherzod,O‘zbekiston,Farg‘ona,Marg‘ilon,Marg‘ilon shahri
Akmal,Umarov,Azamat o‘g‘li,Demo100 093 — Umarov Akmal,M,1970-10-16,,"Farg‘ona, Marg‘ilon shahri",,O‘qituvchi,Demo100 093 — Umarov Akmal shajara loyihasini sinovdan o‘tkazish uchun CSV orqali kiritilgan demo shaxs.,Demo100 091 — Umarov Sherzod,Demo100 092 — Umarova Munisa,Demo100 095 — Umarova Umida,O‘zbekiston,Farg‘ona,Marg‘ilon,Marg‘ilon shahri
Nigora,Umarova,Azamat qizi,Demo100 094 — Umarova Nigora,F,1971-11-17,,"Farg‘ona, Marg‘ilon shahri",,Shifokor,Demo100 094 — Umarova Nigora shajara loyihasini sinovdan o‘tkazish uchun CSV orqali kiritilgan demo shaxs.,Demo100 091 — Umarov Sherzod,Demo100 092 — Umarova Munisa,Demo100 098 — Umarov Temur,O‘zbekiston,Farg‘ona,Marg‘ilon,Marg‘ilon shahri
Umida,Umarova,Azamat qizi,Demo100 095 — Umarova Umida,F,1972-12-18,,"Farg‘ona, Marg‘ilon shahri",,Dasturchi,Demo100 095 — Umarova Umida shajara loyihasini sinovdan o‘tkazish uchun CSV orqali kiritilgan demo shaxs.,,,Demo100 093 — Umarov Akmal,O‘zbekiston,Farg‘ona,Marg‘ilon,Marg‘ilon shahri
Abdulla,Umarov,Azamat o‘g‘li,Demo100 096 — Umarov Abdulla,M,2000-01-19,,"Farg‘ona, Marg‘ilon shahri",,Huquqshunos,Demo100 096 — Umarov Abdulla shajara loyihasini sinovdan o‘tkazish uchun CSV orqali kiritilgan demo shaxs.,Demo100 093 — Umarov Akmal,Demo100 095 — Umarova Umida,,O‘zbekiston,Farg‘ona,Marg‘ilon,Marg‘ilon shahri
Malika,Umarova,Azamat qizi,Demo100 097 — Umarova Malika,F,2001-02-20,,"Farg‘ona, Marg‘ilon shahri",,Talaba,Demo100 097 — Umarova Malika shajara loyihasini sinovdan o‘tkazish uchun CSV orqali kiritilgan demo shaxs.,Demo100 093 — Umarov Akmal,Demo100 095 — Umarova Umida,,O‘zbekiston,Farg‘ona,Marg‘ilon,Marg‘ilon shahri
Temur,Umarov,Azamat o‘g‘li,Demo100 098 — Umarov Temur,M,1973-03-21,,"Farg‘ona, Marg‘ilon shahri",,Tadbirkor,Demo100 098 — Umarov Temur shajara loyihasini sinovdan o‘tkazish uchun CSV orqali kiritilgan demo shaxs.,,,Demo100 094 — Umarova Nigora,O‘zbekiston,Farg‘ona,Marg‘ilon,Marg‘ilon shahri
Karim,Umarov,Azamat o‘g‘li,Demo100 099 — Umarov Karim,M,2001-04-22,,"Farg‘ona, Marg‘ilon shahri",,Talaba,Demo100 099 — Umarov Karim shajara loyihasini sinovdan o‘tkazish uchun CSV orqali kiritilgan demo shaxs.,Demo100 098 — Umarov Temur,Demo100 094 — Umarova Nigora,,O‘zbekiston,Farg‘ona,Marg‘ilon,Marg‘ilon shahri
Dilnoza,Umarova,Azamat qizi,Demo100 100 — Umarova Dilnoza,F,2002-05-23,,"Farg‘ona, Marg‘ilon shahri",,Usta,Demo100 100 — Umarova Dilnoza shajara loyihasini sinovdan o‘tkazish uchun CSV orqali kiritilgan demo shaxs.,Demo100 098 — Umarov Temur,Demo100 094 — Umarova Nigora,,O‘zbekiston,Farg‘ona,Marg‘ilon,Marg‘ilon shahri
